placement_id,academic_year,student_id,company_id,offer_status,offered_ctc_lpa,primary_skill_at_hire,had_ai_data_skill
PLACE_00001,2024,USN_2025_042,COMP_013,Placed,7.00,SQL,0
PLACE_00002,2024,USN_2025_202,COMP_012,Placed,8.50,JAVA_BACKEND,0
PLACE_00003,2024,USN_2025_205,COMP_011,Placed,9.00,PYTHON,0
PLACE_00004,2024,USN_2025_207,COMP_012,Placed,8.50,JAVA_BACKEND,0
PLACE_00005,2024,USN_2025_211,COMP_013,Placed,7.00,PYTHON,0
PLACE_00006,2024,USN_2025_216,COMP_011,Placed,9.00,SQL,0
PLACE_00007,2024,USN_2025_220,COMP_012,Placed,8.50,JAVA_BACKEND,0
PLACE_00008,2024,USN_2025_221,COMP_012,Placed,8.50,SQL,0
PLACE_00009,2024,USN_2025_223,COMP_013,Placed,7.00,PYTHON,0
PLACE_00010,2024,USN_2025_232,COMP_011,Placed,9.00,SQL,0
PLACE_00011,2024,USN_2025_233,,Not Placed,0.00,PYTHON,0
PLACE_00012,2024,USN_2025_236,,Not Placed,0.00,PYTHON,0
PLACE_00013,2023,USN_2025_243,,Not Placed,0.00,PYTHON,0
PLACE_00014,2023,USN_2025_245,,Not Placed,0.00,PYTHON,0
PLACE_00015,2023,USN_2025_252,,Not Placed,0.00,PYTHON,0
PLACE_00016,2023,USN_2025_253,,Not Placed,0.00,PYTHON,0
PLACE_00017,2023,USN_2025_254,,Not Placed,0.00,PYTHON,0
PLACE_00018,2023,USN_2025_259,,Not Placed,0.00,PYTHON,0
PLACE_00019,2023,USN_2025_277,,Not Placed,0.00,PYTHON,0
PLACE_00020,2023,USN_2025_287,,Not Placed,0.00,PYTHON,0
PLACE_00021,2023,USN_2025_290,,Not Placed,0.00,PYTHON,0
PLACE_00022,2023,USN_2025_307,,Not Placed,0.00,PYTHON,0
PLACE_00023,2023,USN_2025_316,,Not Placed,0.00,PYTHON,0
PLACE_00024,2023,USN_2025_319,,Not Placed,0.00,PYTHON,0
PLACE_00025,2023,USN_2025_321,,Not Placed,0.00,PYTHON,0
PLACE_00026,2024,USN_2025_042,COMP_001,Placed,48.00,DATABRICKS_DE,1
PLACE_00027,2024,USN_2025_202,COMP_007,Placed,26.00,DATABRICKS_DE,1
PLACE_00028,2024,USN_2025_205,COMP_007,Placed,26.00,DATABRICKS_DE,1
PLACE_00029,2024,USN_2025_207,COMP_008,Placed,24.00,DATABRICKS_DE,1
PLACE_00030,2024,USN_2025_211,COMP_008,Placed,24.00,DATABRICKS_DE,1
PLACE_00031,2024,USN_2025_216,COMP_009,Placed,20.00,DATABRICKS_DE,1
PLACE_00032,2024,USN_2025_220,COMP_009,Placed,20.00,DATABRICKS_DE,1
PLACE_00033,2024,USN_2025_221,COMP_009,Placed,20.00,DATABRICKS_DE,1
PLACE_00034,2024,USN_2025_223,COMP_009,Placed,20.00,DATABRICKS_DE,1
PLACE_00035,2024,USN_2025_232,COMP_010,Placed,18.00,DATABRICKS_DE,1
PLACE_00036,2024,USN_2025_233,COMP_010,Placed,18.00,DATABRICKS_DE,1
PLACE_00037,2024,USN_2025_236,COMP_010,Placed,18.00,DATABRICKS_DE,1
PLACE_00038,2024,USN_2025_243,COMP_010,Placed,18.00,DATABRICKS_DE,1
PLACE_00039,2023,USN_2025_245,COMP_010,Placed,18.00,DATABRICKS_DE,1
PLACE_00040,2023,USN_2025_252,COMP_011,Placed,9.00,DATABRICKS_DE,1
PLACE_00041,2023,USN_2025_253,COMP_011,Placed,9.00,DATABRICKS_DE,1
PLACE_00042,2023,USN_2025_254,COMP_012,Placed,8.50,DATABRICKS_DE,1
PLACE_00043,2023,USN_2025_259,COMP_012,Placed,8.50,DATABRICKS_DE,1
PLACE_00044,2023,USN_2025_277,COMP_012,Placed,8.50,DATABRICKS_DE,1
PLACE_00045,2023,USN_2025_287,COMP_012,Placed,8.50,DATABRICKS_DE,1
PLACE_00046,2023,USN_2025_290,,Not Placed,0.00,DATABRICKS_DE,1
PLACE_00047,2023,USN_2025_307,,Not Placed,0.00,DATABRICKS_DE,1
PLACE_00048,2023,USN_2025_316,,Not Placed,0.00,DATABRICKS_DE,1
PLACE_00049,2023,USN_2025_319,,Not Placed,0.00,DATABRICKS_DE,1
PLACE_00050,2023,USN_2025_321,,Not Placed,0.00,DATABRICKS_DE,1
PLACE_00051,2024,USN_2025_042,COMP_001,Placed,48.00,DATABRICKS_DE,1
PLACE_00052,2024,USN_2025_202,COMP_001,Placed,48.00,PYSPARK,1
PLACE_00053,2024,USN_2025_205,COMP_001,Placed,48.00,DATABRICKS_DE,1
PLACE_00054,2024,USN_2025_207,COMP_003,Placed,42.00,PYSPARK,1
PLACE_00055,2024,USN_2025_211,COMP_005,Placed,32.00,PYSPARK,1
PLACE_00056,2024,USN_2025_216,COMP_006,Placed,28.00,DATABRICKS_DE,1
PLACE_00057,2024,USN_2025_220,COMP_006,Placed,28.00,PYSPARK,1
PLACE_00058,2024,USN_2025_221,COMP_007,Placed,26.00,DATABRICKS_DE,1
PLACE_00059,2024,USN_2025_223,COMP_007,Placed,26.00,PYSPARK,1
PLACE_00060,2024,USN_2025_232,COMP_008,Placed,24.00,DATABRICKS_DE,1
PLACE_00061,2024,USN_2025_233,COMP_008,Placed,24.00,PYSPARK,1
PLACE_00062,2024,USN_2025_236,COMP_009,Placed,20.00,DATABRICKS_DE,1
PLACE_00063,2024,USN_2025_243,COMP_009,Placed,20.00,PYSPARK,1
PLACE_00064,2023,USN_2025_245,COMP_009,Placed,20.00,DATABRICKS_DE,1
PLACE_00065,2023,USN_2025_252,COMP_010,Placed,18.00,PYSPARK,1
PLACE_00066,2023,USN_2025_253,COMP_010,Placed,18.00,DATABRICKS_DE,1
PLACE_00067,2023,USN_2025_254,COMP_011,Placed,9.00,PYSPARK,1
PLACE_00068,2023,USN_2025_259,COMP_011,Placed,9.00,DATABRICKS_DE,1
PLACE_00069,2023,USN_2025_277,COMP_012,Placed,8.40,DATABRICKS_DE,1
PLACE_00070,2023,USN_2025_287,COMP_013,Placed,7.00,PYSPARK,1
PLACE_00071,2023,USN_2025_290,COMP_013,Placed,7.00,PYSPARK,1
PLACE_00072,2023,USN_2025_307,COMP_013,Placed,7.00,PYSPARK,1
PLACE_00073,2023,USN_2025_316,COMP_013,Placed,7.00,PYSPARK,1
PLACE_00074,2023,USN_2025_319,,Not Placed,0.00,DATABRICKS_DE,1
PLACE_00075,2023,USN_2025_321,,Not Placed,0.00,DATABRICKS_DE,1
PLACE_00076,2025,USN_2025_135,COMP_003,Placed,42.00,GENAI_LLMS,1
PLACE_00077,2024,USN_2025_334,COMP_004,Placed,38.00,PYTHON,0
PLACE_00078,2021,USN_2025_243,COMP_003,Placed,42.00,AWS_CLOUD,1
PLACE_00079,2023,USN_2025_049,COMP_013,Placed,7.00,DATABRICKS_DE,1
PLACE_00080,2020,USN_2025_087,COMP_007,Placed,26.00,REACT,1
PLACE_00081,2021,USN_2025_283,,Not Placed,0.00,PYTHON,1
PLACE_00082,2025,USN_2025_035,COMP_012,Placed,8.50,JAVA_BACKEND,1
PLACE_00083,2023,USN_2025_053,COMP_006,Placed,28.00,CPP,1
PLACE_00084,2023,USN_2025_369,COMP_005,Placed,32.00,JAVA_BACKEND,1
PLACE_00085,2023,USN_2025_357,COMP_010,Placed,18.00,PYTHON,1
PLACE_00086,2022,USN_2025_243,COMP_003,Placed,42.00,AWS_CLOUD,1
PLACE_00087,2022,USN_2025_206,COMP_013,Placed,7.00,PYSPARK,1
PLACE_00088,2023,USN_2025_112,COMP_012,Placed,8.50,SQL,1
PLACE_00089,2025,USN_2025_145,COMP_012,Placed,8.50,JAVA_BACKEND,1
PLACE_00090,2024,USN_2025_418,COMP_013,Placed,7.00,SQL,1
PLACE_00091,2025,USN_2025_272,COMP_012,Placed,8.50,AWS_CLOUD,1
PLACE_00092,2022,USN_2025_406,COMP_013,Placed,7.00,SQL,1
PLACE_00093,2021,USN_2025_179,COMP_010,Placed,18.00,REACT,1
PLACE_00094,2022,USN_2025_009,COMP_008,Placed,24.00,REACT,1
PLACE_00095,2024,USN_2025_193,COMP_013,Placed,7.00,PYTHON,1
PLACE_00096,2020,USN_2025_079,COMP_010,Placed,18.00,DATABRICKS_DE,1
PLACE_00097,2022,USN_2025_215,COMP_012,Placed,8.50,SQL,1
PLACE_00098,2025,USN_2025_111,COMP_009,Placed,20.00,SQL,1
PLACE_00099,2025,USN_2025_082,COMP_003,Placed,42.00,AWS_CLOUD,1
PLACE_00100,2023,USN_2025_387,COMP_013,Placed,7.00,SQL,1
PLACE_00101,2023,USN_2025_462,COMP_002,Placed,45.00,MACHINE_LEARNING,1
PLACE_00102,2023,USN_2025_026,COMP_006,Placed,28.00,MACHINE_LEARNING,1
PLACE_00103,2020,USN_2025_298,COMP_011,Placed,9.00,SQL,1
PLACE_00104,2024,USN_2025_468,COMP_013,Placed,7.00,PYTHON,1
PLACE_00105,2021,USN_2025_268,COMP_009,Placed,20.00,JAVA_BACKEND,1
PLACE_00106,2025,USN_2025_443,COMP_012,Placed,8.50,SQL,1
PLACE_00107,2025,USN_2025_083,COMP_010,Placed,18.00,AWS_CLOUD,1
PLACE_00108,2024,USN_2025_317,COMP_010,Placed,18.00,PYTHON,1
PLACE_00109,2020,USN_2025_159,,Not Placed,0.00,SQL,1
PLACE_00110,2023,USN_2025_403,COMP_011,Placed,9.00,SQL,1
PLACE_00111,2024,USN_2025_253,COMP_006,Placed,28.00,SQL,1
PLACE_00112,2021,USN_2025_399,COMP_012,Placed,8.50,PYTHON,1
PLACE_00113,2023,USN_2025_109,COMP_013,Placed,7.00,PYSPARK,1
PLACE_00114,2021,USN_2025_018,COMP_012,Placed,8.50,JAVA_BACKEND,1
PLACE_00115,2022,USN_2025_143,COMP_003,Placed,42.00,AWS_CLOUD,1
PLACE_00116,2021,USN_2025_329,COMP_013,Placed,7.00,SQL,1
PLACE_00117,2023,USN_2025_446,COMP_011,Placed,9.00,SQL,1
PLACE_00118,2022,USN_2025_425,COMP_003,Placed,42.00,AWS_CLOUD,1
PLACE_00119,2023,USN_2025_263,COMP_004,Placed,38.00,CPP,1
PLACE_00120,2025,USN_2025_341,COMP_013,Placed,7.00,PYTHON,1
PLACE_00121,2023,USN_2025_289,,Not Placed,0.00,MACHINE_LEARNING,1
PLACE_00122,2022,USN_2025_262,COMP_010,Placed,18.00,PYTHON,1
PLACE_00123,2021,USN_2025_353,COMP_013,Placed,7.00,SQL,1
PLACE_00124,2025,USN_2025_229,COMP_010,Placed,18.00,SQL,1
PLACE_00125,2020,USN_2025_215,COMP_013,Placed,7.00,SQL,1
PLACE_00126,2020,USN_2025_246,COMP_004,Placed,38.00,CPP,1
PLACE_00127,2020,USN_2025_432,COMP_012,Placed,8.50,SQL,1
PLACE_00128,2020,USN_2025_219,COMP_007,Placed,26.00,PYTHON,1
PLACE_00129,2024,USN_2025_039,COMP_007,Placed,26.00,LANGCHAIN,1
PLACE_00130,2020,USN_2025_365,COMP_012,Placed,8.50,JAVA_BACKEND,0
PLACE_00131,2022,USN_2025_079,COMP_005,Placed,32.00,SQL,1
PLACE_00132,2020,USN_2025_087,COMP_007,Placed,26.00,REACT,1
PLACE_00133,2023,USN_2025_068,COMP_002,Placed,45.00,PYTHON,1
PLACE_00134,2020,USN_2025_428,COMP_013,Placed,7.00,PYSPARK,1
PLACE_00135,2021,USN_2025_167,COMP_009,Placed,20.00,PYTHON,1
PLACE_00136,2022,USN_2025_137,COMP_011,Placed,9.00,REACT,1
PLACE_00137,2022,USN_2025_471,COMP_004,Placed,38.00,COMPUTER_VISION,1
PLACE_00138,2025,USN_2025_432,COMP_013,Placed,7.00,PYSPARK,1
PLACE_00139,2024,USN_2025_253,COMP_005,Placed,32.00,SQL,1
PLACE_00140,2023,USN_2025_298,COMP_012,Placed,8.50,SQL,1
PLACE_00141,2022,USN_2025_156,COMP_013,Placed,7.00,SQL,1
PLACE_00142,2021,USN_2025_271,COMP_011,Placed,9.00,PYTHON,1
PLACE_00143,2020,USN_2025_117,COMP_009,Placed,20.00,LANGCHAIN,1
PLACE_00144,2022,USN_2025_226,COMP_012,Placed,8.50,JAVA_BACKEND,1
PLACE_00145,2021,USN_2025_340,COMP_011,Placed,9.00,SQL,1
PLACE_00146,2020,USN_2025_185,COMP_013,Placed,7.00,SQL,1
PLACE_00147,2024,USN_2025_138,COMP_013,Placed,7.00,SQL,1
PLACE_00148,2022,USN_2025_161,COMP_005,Placed,32.00,JAVA_BACKEND,1
PLACE_00149,2022,USN_2025_021,COMP_013,Placed,7.00,PYSPARK,1
PLACE_00150,2021,USN_2025_380,COMP_012,Placed,8.50,JAVA_BACKEND,1
PLACE_00151,2025,USN_2025_032,COMP_013,Placed,7.00,PYTHON,1
PLACE_00152,2023,USN_2025_250,COMP_012,Placed,8.50,JAVA_BACKEND,1
PLACE_00153,2024,USN_2025_171,COMP_012,Placed,8.50,SQL,1
PLACE_00154,2023,USN_2025_499,COMP_005,Placed,32.00,NLP,1
PLACE_00155,2022,USN_2025_487,COMP_011,Placed,9.00,PYTHON,1
PLACE_00156,2023,USN_2025_421,COMP_010,Placed,18.00,PYTHON,1
PLACE_00157,2020,USN_2025_301,COMP_013,Placed,7.00,CPP,1
PLACE_00158,2024,USN_2025_193,COMP_006,Placed,28.00,PYTHON,1
PLACE_00159,2023,USN_2025_184,COMP_013,Placed,7.00,PYTHON,1
PLACE_00160,2020,USN_2025_209,,Not Placed,0.00,AWS_CLOUD,1
PLACE_00161,2021,USN_2025_070,COMP_005,Placed,32.00,SQL,1
PLACE_00162,2023,USN_2025_179,COMP_009,Placed,20.00,JAVA_BACKEND,1
PLACE_00163,2024,USN_2025_242,,Not Placed,0.00,LANGCHAIN,1
PLACE_00164,2020,USN_2025_026,COMP_003,Placed,42.00,PYTHON,1
PLACE_00165,2023,USN_2025_186,COMP_003,Placed,42.00,GENAI_LLMS,1
PLACE_00166,2021,USN_2025_434,COMP_009,Placed,20.00,PYTHON,1
PLACE_00167,2023,USN_2025_196,COMP_013,Placed,7.00,SQL,1
PLACE_00168,2020,USN_2025_120,COMP_013,Placed,7.00,PYSPARK,1
PLACE_00169,2023,USN_2025_244,COMP_004,Placed,38.00,MACHINE_LEARNING,1
PLACE_00170,2024,USN_2025_037,COMP_013,Placed,7.00,VECTOR_DATABASES,1
PLACE_00171,2022,USN_2025_185,COMP_013,Placed,7.00,SQL,1
PLACE_00172,2020,USN_2025_351,COMP_013,Placed,7.00,SQL,1
PLACE_00173,2020,USN_2025_042,COMP_005,Placed,32.00,AWS_CLOUD,1
PLACE_00174,2020,USN_2025_047,COMP_010,Placed,18.00,AWS_CLOUD,1
PLACE_00175,2020,USN_2025_199,COMP_010,Placed,18.00,PYSPARK,1
PLACE_00176,2023,USN_2025_131,COMP_011,Placed,9.00,SQL,1
PLACE_00177,2024,USN_2025_434,COMP_009,Placed,20.00,PYTHON,1
PLACE_00178,2021,USN_2025_419,COMP_010,Placed,18.00,PYTHON,1
PLACE_00179,2024,USN_2025_391,COMP_013,Placed,7.00,SQL,1
PLACE_00180,2020,USN_2025_495,COMP_002,Placed,45.00,DEEP_LEARNING,1
PLACE_00181,2025,USN_2025_292,COMP_013,Placed,7.00,SQL,1
PLACE_00182,2023,USN_2025_365,COMP_011,Placed,9.00,PYTHON,0
PLACE_00183,2025,USN_2025_069,COMP_008,Placed,24.00,SQL,1
PLACE_00184,2023,USN_2025_298,COMP_011,Placed,9.00,SQL,1
PLACE_00185,2020,USN_2025_183,COMP_005,Placed,32.00,JAVA_BACKEND,1
PLACE_00186,2023,USN_2025_201,,Not Placed,0.00,CPP,1
PLACE_00187,2020,USN_2025_283,COMP_013,Placed,7.00,PYTHON,1
PLACE_00188,2024,USN_2025_197,,Not Placed,0.00,DATABRICKS_DE,1
PLACE_00189,2022,USN_2025_259,COMP_009,Placed,20.00,JAVA_BACKEND,1
PLACE_00190,2023,USN_2025_476,COMP_005,Placed,32.00,SQL,1
PLACE_00191,2020,USN_2025_217,COMP_010,Placed,18.00,AWS_CLOUD,1
PLACE_00192,2025,USN_2025_423,COMP_005,Placed,32.00,AWS_CLOUD,1
PLACE_00193,2020,USN_2025_370,COMP_005,Placed,32.00,SQL,1
PLACE_00194,2025,USN_2025_191,COMP_008,Placed,24.00,REACT,1
PLACE_00195,2023,USN_2025_442,COMP_011,Placed,9.00,MACHINE_LEARNING,1
PLACE_00196,2021,USN_2025_466,COMP_002,Placed,45.00,MACHINE_LEARNING,1
PLACE_00197,2025,USN_2025_400,COMP_002,Placed,45.00,DEEP_LEARNING,1
PLACE_00198,2020,USN_2025_247,COMP_012,Placed,8.50,JAVA_BACKEND,1
PLACE_00199,2023,USN_2025_190,COMP_012,Placed,8.50,REACT,1
PLACE_00200,2020,USN_2025_476,COMP_007,Placed,26.00,COMPUTER_VISION,1
PLACE_00201,2021,USN_2025_392,COMP_010,Placed,18.00,PYTHON,1
PLACE_00202,2022,USN_2025_235,COMP_001,Placed,48.00,VECTOR_DATABASES,1
PLACE_00203,2021,USN_2025_103,COMP_003,Placed,42.00,AWS_CLOUD,1
PLACE_00204,2024,USN_2025_114,COMP_012,Placed,8.50,SQL,1
PLACE_00205,2023,USN_2025_173,COMP_011,Placed,9.00,SQL,1
PLACE_00206,2021,USN_2025_050,COMP_010,Placed,18.00,PYTHON,1
PLACE_00207,2022,USN_2025_373,COMP_010,Placed,18.00,PYTHON,1
PLACE_00208,2020,USN_2025_405,COMP_010,Placed,18.00,AWS_CLOUD,1
PLACE_00209,2023,USN_2025_301,COMP_012,Placed,8.50,GENAI_LLMS,1
PLACE_00210,2025,USN_2025_052,COMP_001,Placed,48.00,PYSPARK,1
PLACE_00211,2021,USN_2025_270,COMP_011,Placed,9.00,PYTHON,1
PLACE_00212,2022,USN_2025_185,,Not Placed,0.00,SQL,1
PLACE_00213,2021,USN_2025_482,COMP_002,Placed,45.00,PYTHON,1
PLACE_00214,2024,USN_2025_259,COMP_003,Placed,42.00,JAVA_BACKEND,1
PLACE_00215,2023,USN_2025_418,COMP_011,Placed,9.00,PYTHON,1
PLACE_00216,2020,USN_2025_021,COMP_012,Placed,8.50,AWS_CLOUD,1
PLACE_00217,2022,USN_2025_172,COMP_006,Placed,28.00,CPP,1
PLACE_00218,2021,USN_2025_236,COMP_005,Placed,32.00,REACT,1
PLACE_00219,2023,USN_2025_332,COMP_013,Placed,7.00,PYTHON,1
PLACE_00220,2021,USN_2025_359,COMP_012,Placed,8.50,MACHINE_LEARNING,1
PLACE_00221,2023,USN_2025_491,COMP_003,Placed,42.00,PYTHON,1
PLACE_00222,2024,USN_2025_163,COMP_005,Placed,32.00,PYTHON,1
PLACE_00223,2021,USN_2025_397,COMP_013,Placed,7.00,SQL,1
PLACE_00224,2024,USN_2025_097,COMP_009,Placed,20.00,JAVA_BACKEND,1
PLACE_00225,2025,USN_2025_145,COMP_013,Placed,7.00,LANGCHAIN,1
PLACE_00226,2025,USN_2025_185,COMP_013,Placed,7.00,SQL,1
PLACE_00227,2022,USN_2025_450,COMP_009,Placed,20.00,PYTHON,1
PLACE_00228,2024,USN_2025_204,COMP_011,Placed,9.00,PYTHON,1
PLACE_00229,2023,USN_2025_084,COMP_008,Placed,24.00,DATABRICKS_DE,1
PLACE_00230,2022,USN_2025_181,COMP_013,Placed,7.00,PYTHON,1
PLACE_00231,2021,USN_2025_106,COMP_003,Placed,42.00,SQL,1
PLACE_00232,2021,USN_2025_487,COMP_005,Placed,32.00,NLP,1
PLACE_00233,2023,USN_2025_274,COMP_009,Placed,20.00,JAVA_BACKEND,1
PLACE_00234,2020,USN_2025_116,COMP_012,Placed,8.50,SQL,1
PLACE_00235,2020,USN_2025_254,COMP_009,Placed,20.00,JAVA_BACKEND,1
PLACE_00236,2021,USN_2025_305,COMP_013,Placed,7.00,PYTHON,1
PLACE_00237,2023,USN_2025_257,COMP_010,Placed,18.00,PYTHON,1
PLACE_00238,2020,USN_2025_050,COMP_013,Placed,7.00,PYTHON,1
PLACE_00239,2024,USN_2025_305,COMP_013,Placed,7.00,PYTHON,1
PLACE_00240,2021,USN_2025_388,COMP_009,Placed,20.00,PYTHON,1
PLACE_00241,2025,USN_2025_193,COMP_006,Placed,28.00,PYTHON,1
PLACE_00242,2024,USN_2025_134,,Not Placed,0.00,GENAI_LLMS,1
PLACE_00243,2023,USN_2025_365,COMP_013,Placed,7.00,PYTHON,0
PLACE_00244,2025,USN_2025_171,COMP_007,Placed,26.00,GENAI_LLMS,1
PLACE_00245,2024,USN_2025_419,COMP_010,Placed,18.00,PYTHON,1
PLACE_00246,2020,USN_2025_399,,Not Placed,0.00,DEEP_LEARNING,1
PLACE_00247,2020,USN_2025_325,COMP_013,Placed,7.00,PYSPARK,1
PLACE_00248,2025,USN_2025_304,COMP_013,Placed,7.00,PYTHON,1
PLACE_00249,2022,USN_2025_254,COMP_008,Placed,24.00,JAVA_BACKEND,1
PLACE_00250,2021,USN_2025_410,COMP_012,Placed,8.50,SQL,1
PLACE_00251,2025,USN_2025_393,COMP_005,Placed,32.00,AWS_CLOUD,1
PLACE_00252,2023,USN_2025_108,COMP_011,Placed,9.00,PYTHON,1
PLACE_00253,2021,USN_2025_404,COMP_012,Placed,8.50,AWS_CLOUD,1
PLACE_00254,2024,USN_2025_364,COMP_013,Placed,7.00,SQL,1
PLACE_00255,2023,USN_2025_014,COMP_013,Placed,7.00,SQL,1
PLACE_00256,2023,USN_2025_353,COMP_013,Placed,7.00,PYTHON,1
PLACE_00257,2020,USN_2025_258,COMP_004,Placed,38.00,CPP,1
PLACE_00258,2024,USN_2025_465,COMP_011,Placed,9.00,MACHINE_LEARNING,1
PLACE_00259,2020,USN_2025_216,COMP_008,Placed,24.00,REACT,1
PLACE_00260,2020,USN_2025_275,COMP_012,Placed,8.50,JAVA_BACKEND,1
PLACE_00261,2022,USN_2025_372,,Not Placed,0.00,COMPUTER_VISION,1
PLACE_00262,2020,USN_2025_255,COMP_010,Placed,18.00,DATABRICKS_DE,1
PLACE_00263,2021,USN_2025_322,COMP_013,Placed,7.00,SQL,1
PLACE_00264,2023,USN_2025_159,COMP_011,Placed,9.00,SQL,1
PLACE_00265,2020,USN_2025_112,COMP_011,Placed,9.00,SQL,1
PLACE_00266,2025,USN_2025_087,COMP_010,Placed,18.00,PYTHON,1
PLACE_00267,2021,USN_2025_303,COMP_013,Placed,7.00,PYTHON,1
PLACE_00268,2024,USN_2025_022,COMP_011,Placed,9.00,SQL,1
PLACE_00269,2023,USN_2025_402,COMP_013,Placed,7.00,PYTHON,1
PLACE_00270,2025,USN_2025_330,COMP_005,Placed,32.00,SQL,1
PLACE_00271,2025,USN_2025_197,COMP_013,Placed,7.00,PYTHON,1
PLACE_00272,2024,USN_2025_153,COMP_011,Placed,9.00,SQL,1
PLACE_00273,2025,USN_2025_102,COMP_008,Placed,24.00,GENAI_LLMS,1
PLACE_00274,2021,USN_2025_084,COMP_013,Placed,7.00,SQL,1
PLACE_00275,2024,USN_2025_121,COMP_002,Placed,45.00,VECTOR_DATABASES,1
PLACE_00276,2025,USN_2025_378,COMP_012,Placed,8.50,JAVA_BACKEND,1
PLACE_00277,2024,USN_2025_476,COMP_005,Placed,32.00,SQL,1
PLACE_00278,2024,USN_2025_089,COMP_009,Placed,20.00,SQL,1
PLACE_00279,2020,USN_2025_382,COMP_011,Placed,9.00,MACHINE_LEARNING,1
PLACE_00280,2020,USN_2025_152,COMP_012,Placed,8.50,REACT,1
PLACE_00281,2020,USN_2025_098,COMP_009,Placed,20.00,SQL,1
PLACE_00282,2025,USN_2025_067,COMP_012,Placed,8.50,SQL,1
PLACE_00283,2023,USN_2025_428,COMP_013,Placed,7.00,PYTHON,1
PLACE_00284,2021,USN_2025_353,COMP_013,Placed,7.00,SQL,1
PLACE_00285,2025,USN_2025_436,COMP_005,Placed,32.00,SQL,1
PLACE_00286,2020,USN_2025_205,COMP_005,Placed,32.00,SQL,1
PLACE_00287,2024,USN_2025_009,COMP_002,Placed,45.00,GENAI_LLMS,1
PLACE_00288,2025,USN_2025_321,COMP_007,Placed,26.00,GENAI_LLMS,1
PLACE_00289,2024,USN_2025_341,COMP_012,Placed,8.50,AWS_CLOUD,1
PLACE_00290,2024,USN_2025_153,COMP_010,Placed,18.00,VECTOR_DATABASES,1
PLACE_00291,2024,USN_2025_141,COMP_012,Placed,8.50,JAVA_BACKEND,1
PLACE_00292,2022,USN_2025_476,COMP_009,Placed,20.00,PYTHON,1
PLACE_00293,2023,USN_2025_266,COMP_012,Placed,8.50,SQL,1
PLACE_00294,2021,USN_2025_234,COMP_013,Placed,7.00,PYTHON,1
PLACE_00295,2021,USN_2025_076,COMP_006,Placed,28.00,SQL,1
PLACE_00296,2020,USN_2025_158,COMP_013,Placed,7.00,SQL,1
PLACE_00297,2022,USN_2025_380,COMP_010,Placed,18.00,AWS_CLOUD,1
PLACE_00298,2025,USN_2025_108,COMP_005,Placed,32.00,SQL,1
PLACE_00299,2025,USN_2025_319,COMP_009,Placed,20.00,SQL,1
PLACE_00300,2021,USN_2025_445,COMP_002,Placed,45.00,DEEP_LEARNING,1
PLACE_00301,2023,USN_2025_388,COMP_010,Placed,18.00,PYTHON,1
PLACE_00302,2024,USN_2025_049,COMP_013,Placed,7.00,REACT,1
PLACE_00303,2020,USN_2025_035,COMP_013,Placed,7.00,DATABRICKS_DE,1
PLACE_00304,2023,USN_2025_007,COMP_007,Placed,26.00,CPP,1
PLACE_00305,2021,USN_2025_325,COMP_013,Placed,7.00,SQL,1
PLACE_00306,2022,USN_2025_202,COMP_005,Placed,32.00,JAVA_BACKEND,1
PLACE_00307,2020,USN_2025_288,COMP_002,Placed,45.00,SQL,1
PLACE_00308,2021,USN_2025_052,COMP_001,Placed,48.00,PYSPARK,1
PLACE_00309,2025,USN_2025_187,COMP_004,Placed,38.00,CPP,1
PLACE_00310,2020,USN_2025_117,COMP_011,Placed,9.00,REACT,1
PLACE_00311,2021,USN_2025_427,COMP_013,Placed,7.00,DEEP_LEARNING,1
PLACE_00312,2025,USN_2025_003,COMP_007,Placed,26.00,CPP,1
PLACE_00313,2025,USN_2025_308,COMP_002,Placed,45.00,AWS_CLOUD,1
PLACE_00314,2024,USN_2025_347,COMP_012,Placed,8.50,SQL,1
PLACE_00315,2022,USN_2025_033,COMP_013,Placed,7.00,PYSPARK,1
PLACE_00316,2024,USN_2025_428,COMP_011,Placed,9.00,PYTHON,1
PLACE_00317,2021,USN_2025_177,COMP_009,Placed,20.00,JAVA_BACKEND,1
PLACE_00318,2023,USN_2025_450,COMP_009,Placed,20.00,SQL,1
PLACE_00319,2024,USN_2025_395,,Not Placed,0.00,SQL,1
PLACE_00320,2023,USN_2025_198,COMP_013,Placed,7.00,PYTHON,1
PLACE_00321,2025,USN_2025_085,COMP_012,Placed,8.50,MACHINE_LEARNING,1
PLACE_00322,2021,USN_2025_223,COMP_003,Placed,42.00,CPP,1
PLACE_00323,2022,USN_2025_341,COMP_013,Placed,7.00,PYTHON,1
PLACE_00324,2023,USN_2025_259,COMP_008,Placed,24.00,JAVA_BACKEND,1
PLACE_00325,2021,USN_2025_231,COMP_001,Placed,48.00,VECTOR_DATABASES,1
PLACE_00326,2023,USN_2025_482,COMP_012,Placed,8.50,MACHINE_LEARNING,1
PLACE_00327,2024,USN_2025_440,,Not Placed,0.00,PYTHON,1
PLACE_00328,2021,USN_2025_030,COMP_011,Placed,9.00,PYTHON,1
PLACE_00329,2024,USN_2025_340,COMP_002,Placed,45.00,DEEP_LEARNING,1
PLACE_00330,2020,USN_2025_346,COMP_013,Placed,7.00,SQL,1
PLACE_00331,2021,USN_2025_239,COMP_003,Placed,42.00,SQL,1
PLACE_00332,2023,USN_2025_095,COMP_011,Placed,9.00,SQL,1
PLACE_00333,2020,USN_2025_062,COMP_009,Placed,20.00,SQL,1
PLACE_00334,2024,USN_2025_137,COMP_003,Placed,42.00,GENAI_LLMS,1
PLACE_00335,2024,USN_2025_107,COMP_013,Placed,7.00,SQL,1
PLACE_00336,2023,USN_2025_294,COMP_012,Placed,8.50,DATABRICKS_DE,1
PLACE_00337,2020,USN_2025_373,,Not Placed,0.00,DEEP_LEARNING,1
PLACE_00338,2025,USN_2025_134,COMP_012,Placed,8.50,SQL,1
PLACE_00339,2022,USN_2025_480,COMP_006,Placed,28.00,MACHINE_LEARNING,1
PLACE_00340,2023,USN_2025_114,COMP_012,Placed,8.50,JAVA_BACKEND,1
PLACE_00341,2024,USN_2025_428,COMP_013,Placed,7.00,PYSPARK,1
PLACE_00342,2021,USN_2025_027,COMP_010,Placed,18.00,PYTHON,1
PLACE_00343,2020,USN_2025_096,COMP_013,Placed,7.00,PYTHON,1
PLACE_00344,2025,USN_2025_032,COMP_013,Placed,7.00,PYTHON,1
PLACE_00345,2022,USN_2025_427,COMP_012,Placed,8.50,VECTOR_DATABASES,1
PLACE_00346,2021,USN_2025_484,,Not Placed,0.00,DATABRICKS_DE,1
PLACE_00347,2020,USN_2025_249,COMP_009,Placed,20.00,JAVA_BACKEND,1
PLACE_00348,2025,USN_2025_296,COMP_009,Placed,20.00,PYTHON,1
PLACE_00349,2023,USN_2025_138,COMP_007,Placed,26.00,CPP,1
PLACE_00350,2025,USN_2025_430,COMP_012,Placed,8.50,SQL,1
PLACE_00351,2023,USN_2025_282,COMP_008,Placed,24.00,AWS_CLOUD,1
PLACE_00352,2020,USN_2025_470,COMP_005,Placed,32.00,SQL,1
PLACE_00353,2025,USN_2025_073,COMP_001,Placed,48.00,VECTOR_DATABASES,1
PLACE_00354,2022,USN_2025_268,COMP_010,Placed,18.00,DATABRICKS_DE,1
PLACE_00355,2025,USN_2025_481,COMP_001,Placed,48.00,PYSPARK,1
PLACE_00356,2020,USN_2025_115,COMP_005,Placed,32.00,SQL,1
PLACE_00357,2021,USN_2025_151,COMP_003,Placed,42.00,SQL,1
PLACE_00358,2021,USN_2025_242,COMP_013,Placed,7.00,SQL,1
PLACE_00359,2025,USN_2025_182,COMP_006,Placed,28.00,MACHINE_LEARNING,1
PLACE_00360,2025,USN_2025_119,COMP_001,Placed,48.00,DATABRICKS_DE,1
PLACE_00361,2023,USN_2025_092,COMP_004,Placed,38.00,PYTHON,1
PLACE_00362,2020,USN_2025_053,COMP_002,Placed,45.00,CPP,1
PLACE_00363,2023,USN_2025_262,COMP_010,Placed,18.00,PYTHON,1
PLACE_00364,2022,USN_2025_035,COMP_011,Placed,9.00,JAVA_BACKEND,1
PLACE_00365,2021,USN_2025_395,,Not Placed,0.00,SQL,1
PLACE_00366,2024,USN_2025_223,COMP_003,Placed,42.00,CPP,1
PLACE_00367,2024,USN_2025_402,,Not Placed,0.00,PYTHON,1
PLACE_00368,2020,USN_2025_307,COMP_004,Placed,38.00,AWS_CLOUD,1
PLACE_00369,2020,USN_2025_129,COMP_011,Placed,9.00,SQL,1
PLACE_00370,2024,USN_2025_175,COMP_011,Placed,9.00,PYTHON,1
PLACE_00371,2020,USN_2025_150,,Not Placed,0.00,VECTOR_DATABASES,1
PLACE_00372,2021,USN_2025_330,COMP_011,Placed,9.00,SQL,1
PLACE_00373,2022,USN_2025_398,COMP_012,Placed,8.50,AWS_CLOUD,1
PLACE_00374,2022,USN_2025_075,COMP_008,Placed,24.00,GENAI_LLMS,1
PLACE_00375,2023,USN_2025_103,COMP_009,Placed,20.00,JAVA_BACKEND,1
PLACE_00376,2021,USN_2025_363,COMP_004,Placed,38.00,PYTHON,1
PLACE_00377,2020,USN_2025_418,COMP_010,Placed,18.00,PYTHON,1
PLACE_00378,2020,USN_2025_066,COMP_001,Placed,48.00,DATABRICKS_DE,1
PLACE_00379,2023,USN_2025_123,COMP_008,Placed,24.00,CPP,1
PLACE_00380,2023,USN_2025_482,COMP_004,Placed,38.00,PYTHON,1
PLACE_00381,2020,USN_2025_394,COMP_005,Placed,32.00,SQL,1
PLACE_00382,2020,USN_2025_449,COMP_009,Placed,20.00,DEEP_LEARNING,1
PLACE_00383,2021,USN_2025_072,COMP_002,Placed,45.00,MACHINE_LEARNING,1
PLACE_00384,2023,USN_2025_113,COMP_013,Placed,7.00,MACHINE_LEARNING,1
PLACE_00385,2021,USN_2025_487,COMP_005,Placed,32.00,PYSPARK,1
PLACE_00386,2025,USN_2025_207,COMP_008,Placed,24.00,JAVA_BACKEND,1
PLACE_00387,2020,USN_2025_342,COMP_005,Placed,32.00,SQL,1
PLACE_00388,2024,USN_2025_391,COMP_011,Placed,9.00,PYTHON,1
PLACE_00389,2024,USN_2025_164,COMP_012,Placed,8.50,SQL,1
PLACE_00390,2025,USN_2025_244,COMP_002,Placed,45.00,MACHINE_LEARNING,1
PLACE_00391,2020,USN_2025_038,COMP_010,Placed,18.00,AWS_CLOUD,1
PLACE_00392,2023,USN_2025_376,COMP_004,Placed,38.00,CPP,1
PLACE_00393,2024,USN_2025_428,COMP_012,Placed,8.50,PYTHON,1
PLACE_00394,2023,USN_2025_392,COMP_012,Placed,8.50,MACHINE_LEARNING,1
PLACE_00395,2024,USN_2025_437,COMP_013,Placed,7.00,PYTHON,1
PLACE_00396,2023,USN_2025_129,COMP_004,Placed,38.00,VECTOR_DATABASES,1
PLACE_00397,2024,USN_2025_425,COMP_005,Placed,32.00,AWS_CLOUD,1
PLACE_00398,2023,USN_2025_134,,Not Placed,0.00,SQL,1
PLACE_00399,2025,USN_2025_077,COMP_012,Placed,8.50,AWS_CLOUD,1
PLACE_00400,2021,USN_2025_165,COMP_013,Placed,7.00,PYTHON,1
PLACE_00401,2023,USN_2025_218,COMP_008,Placed,24.00,REACT,1
PLACE_00402,2021,USN_2025_237,COMP_013,Placed,7.00,JAVA_BACKEND,1
PLACE_00403,2021,USN_2025_247,COMP_013,Placed,7.00,LANGCHAIN,1
PLACE_00404,2020,USN_2025_116,COMP_010,Placed,18.00,CPP,1
PLACE_00405,2025,USN_2025_003,COMP_009,Placed,20.00,JAVA_BACKEND,1
PLACE_00406,2021,USN_2025_010,COMP_003,Placed,42.00,CPP,1
PLACE_00407,2022,USN_2025_175,COMP_010,Placed,18.00,AWS_CLOUD,1
PLACE_00408,2021,USN_2025_190,COMP_011,Placed,9.00,PYTHON,1
PLACE_00409,2023,USN_2025_190,COMP_010,Placed,18.00,PYTHON,1
PLACE_00410,2021,USN_2025_368,COMP_009,Placed,20.00,PYTHON,1
PLACE_00411,2023,USN_2025_209,COMP_010,Placed,18.00,PYTHON,1
PLACE_00412,2023,USN_2025_473,COMP_004,Placed,38.00,PYTHON,1
PLACE_00413,2022,USN_2025_345,COMP_013,Placed,7.00,SQL,1
PLACE_00414,2021,USN_2025_334,COMP_004,Placed,38.00,PYTHON,0
PLACE_00415,2021,USN_2025_456,COMP_013,Placed,7.00,PYTHON,1
PLACE_00416,2024,USN_2025_016,COMP_011,Placed,9.00,PYTHON,1
PLACE_00417,2024,USN_2025_127,COMP_001,Placed,48.00,MACHINE_LEARNING,1
PLACE_00418,2020,USN_2025_385,COMP_012,Placed,8.50,SQL,1
PLACE_00419,2023,USN_2025_195,COMP_013,Placed,7.00,PYTHON,1
PLACE_00420,2022,USN_2025_493,COMP_004,Placed,38.00,GENAI_LLMS,1
PLACE_00421,2024,USN_2025_215,COMP_013,Placed,7.00,SQL,1
PLACE_00422,2021,USN_2025_463,COMP_005,Placed,32.00,SQL,1
PLACE_00423,2020,USN_2025_436,COMP_005,Placed,32.00,SQL,1
PLACE_00424,2022,USN_2025_010,COMP_004,Placed,38.00,CPP,1
PLACE_00425,2025,USN_2025_456,COMP_005,Placed,32.00,MACHINE_LEARNING,1
PLACE_00426,2021,USN_2025_405,COMP_002,Placed,45.00,MACHINE_LEARNING,1
PLACE_00427,2021,USN_2025_248,COMP_013,Placed,7.00,PYTHON,1
PLACE_00428,2025,USN_2025_457,COMP_002,Placed,45.00,PYTHON,1
PLACE_00429,2023,USN_2025_051,COMP_009,Placed,20.00,PYTHON,1
PLACE_00430,2023,USN_2025_500,COMP_009,Placed,20.00,COMPUTER_VISION,1
PLACE_00431,2024,USN_2025_192,COMP_012,Placed,8.50,AWS_CLOUD,1
PLACE_00432,2024,USN_2025_246,COMP_010,Placed,18.00,CPP,1
PLACE_00433,2021,USN_2025_122,COMP_013,Placed,7.00,PYTHON,1
PLACE_00434,2021,USN_2025_067,,Not Placed,0.00,DATABRICKS_DE,1
PLACE_00435,2024,USN_2025_273,COMP_007,Placed,26.00,REACT,1
PLACE_00436,2025,USN_2025_332,COMP_013,Placed,7.00,SQL,1
PLACE_00437,2024,USN_2025_414,COMP_011,Placed,9.00,PYTHON,1
PLACE_00438,2021,USN_2025_428,COMP_012,Placed,8.50,PYTHON,1
PLACE_00439,2022,USN_2025_352,COMP_013,Placed,7.00,SQL,1
PLACE_00440,2021,USN_2025_136,COMP_013,Placed,7.00,SQL,1
PLACE_00441,2022,USN_2025_302,COMP_013,Placed,7.00,PYSPARK,1
PLACE_00442,2022,USN_2025_079,COMP_007,Placed,26.00,SQL,1
PLACE_00443,2021,USN_2025_005,COMP_013,Placed,7.00,PYSPARK,1
PLACE_00444,2020,USN_2025_479,COMP_013,Placed,7.00,PYTHON,1
PLACE_00445,2024,USN_2025_343,COMP_013,Placed,7.00,SQL,1
PLACE_00446,2023,USN_2025_094,COMP_005,Placed,32.00,JAVA_BACKEND,1
PLACE_00447,2021,USN_2025_254,COMP_008,Placed,24.00,JAVA_BACKEND,1
PLACE_00448,2022,USN_2025_052,COMP_001,Placed,48.00,PYSPARK,1
PLACE_00449,2021,USN_2025_353,COMP_013,Placed,7.00,SQL,1
PLACE_00450,2024,USN_2025_248,COMP_013,Placed,7.00,PYTHON,1
PLACE_00451,2025,USN_2025_031,COMP_004,Placed,38.00,PYTHON,1
PLACE_00452,2022,USN_2025_471,COMP_004,Placed,38.00,PYTHON,1
PLACE_00453,2023,USN_2025_114,COMP_011,Placed,9.00,SQL,1
PLACE_00454,2023,USN_2025_220,COMP_005,Placed,32.00,AWS_CLOUD,1
PLACE_00455,2023,USN_2025_242,,Not Placed,0.00,SQL,1
PLACE_00456,2025,USN_2025_147,COMP_010,Placed,18.00,PYSPARK,1
PLACE_00457,2020,USN_2025_031,COMP_008,Placed,24.00,SQL,1
PLACE_00458,2022,USN_2025_105,COMP_010,Placed,18.00,DATABRICKS_DE,1
PLACE_00459,2025,USN_2025_105,COMP_006,Placed,28.00,SQL,1
PLACE_00460,2022,USN_2025_200,,Not Placed,0.00,JAVA_BACKEND,1
PLACE_00461,2025,USN_2025_472,COMP_012,Placed,8.50,COMPUTER_VISION,1
PLACE_00462,2025,USN_2025_277,COMP_012,Placed,8.50,SQL,1
PLACE_00463,2020,USN_2025_452,COMP_007,Placed,26.00,COMPUTER_VISION,1
PLACE_00464,2022,USN_2025_479,COMP_013,Placed,7.00,PYTHON,1
PLACE_00465,2025,USN_2025_198,COMP_013,Placed,7.00,PYTHON,1
PLACE_00466,2020,USN_2025_039,COMP_005,Placed,32.00,AWS_CLOUD,1
PLACE_00467,2021,USN_2025_262,COMP_011,Placed,9.00,PYTHON,1
PLACE_00468,2024,USN_2025_129,COMP_008,Placed,24.00,REACT,1
PLACE_00469,2025,USN_2025_432,COMP_012,Placed,8.50,SQL,1
PLACE_00470,2023,USN_2025_427,COMP_013,Placed,7.00,MACHINE_LEARNING,1
PLACE_00471,2020,USN_2025_199,COMP_011,Placed,9.00,MACHINE_LEARNING,1
PLACE_00472,2020,USN_2025_081,COMP_002,Placed,45.00,PYTHON,1
PLACE_00473,2025,USN_2025_317,COMP_009,Placed,20.00,PYTHON,1
PLACE_00474,2020,USN_2025_242,,Not Placed,0.00,LANGCHAIN,1
PLACE_00475,2021,USN_2025_252,COMP_008,Placed,24.00,REACT,1
PLACE_00476,2020,USN_2025_403,,Not Placed,0.00,MACHINE_LEARNING,1
PLACE_00477,2024,USN_2025_180,COMP_013,Placed,7.00,MACHINE_LEARNING,1
PLACE_00478,2024,USN_2025_126,,Not Placed,0.00,CPP,1
PLACE_00479,2023,USN_2025_497,COMP_001,Placed,48.00,PYSPARK,1
PLACE_00480,2021,USN_2025_097,COMP_004,Placed,38.00,JAVA_BACKEND,1
PLACE_00481,2024,USN_2025_349,COMP_013,Placed,7.00,SQL,1
PLACE_00482,2025,USN_2025_221,COMP_008,Placed,24.00,REACT,1
PLACE_00483,2022,USN_2025_010,COMP_004,Placed,38.00,CPP,1
PLACE_00484,2022,USN_2025_126,COMP_013,Placed,7.00,PYSPARK,1
PLACE_00485,2022,USN_2025_114,COMP_012,Placed,8.50,JAVA_BACKEND,1
PLACE_00486,2025,USN_2025_431,COMP_006,Placed,28.00,PYTHON,1
PLACE_00487,2020,USN_2025_428,COMP_011,Placed,9.00,PYTHON,1
PLACE_00488,2025,USN_2025_390,COMP_005,Placed,32.00,JAVA_BACKEND,1
PLACE_00489,2020,USN_2025_388,COMP_005,Placed,32.00,JAVA_BACKEND,1
PLACE_00490,2022,USN_2025_297,COMP_012,Placed,8.50,AWS_CLOUD,1
PLACE_00491,2023,USN_2025_229,COMP_009,Placed,20.00,SQL,1
PLACE_00492,2023,USN_2025_450,COMP_011,Placed,9.00,PYTHON,1
PLACE_00493,2020,USN_2025_189,COMP_011,Placed,9.00,REACT,1
PLACE_00494,2022,USN_2025_164,COMP_010,Placed,18.00,AWS_CLOUD,1
PLACE_00495,2025,USN_2025_242,,Not Placed,0.00,SQL,1
PLACE_00496,2023,USN_2025_495,COMP_006,Placed,28.00,SQL,1
PLACE_00497,2020,USN_2025_415,COMP_003,Placed,42.00,SQL,1
PLACE_00498,2025,USN_2025_282,COMP_005,Placed,32.00,AWS_CLOUD,1
PLACE_00499,2022,USN_2025_332,COMP_012,Placed,8.50,SQL,1
PLACE_00500,2021,USN_2025_061,COMP_011,Placed,9.00,REACT,1
PLACE_00501,2022,USN_2025_147,COMP_011,Placed,9.00,REACT,1
PLACE_00502,2022,USN_2025_123,COMP_006,Placed,28.00,MACHINE_LEARNING,1
PLACE_00503,2025,USN_2025_207,COMP_009,Placed,20.00,SQL,1
PLACE_00504,2025,USN_2025_130,COMP_013,Placed,7.00,SQL,1
PLACE_00505,2024,USN_2025_376,COMP_003,Placed,42.00,PYTHON,1
PLACE_00506,2024,USN_2025_441,COMP_005,Placed,32.00,SQL,1
PLACE_00507,2025,USN_2025_312,COMP_010,Placed,18.00,AWS_CLOUD,1
PLACE_00508,2025,USN_2025_056,COMP_013,Placed,7.00,PYSPARK,1
PLACE_00509,2021,USN_2025_340,COMP_005,Placed,32.00,SQL,1
PLACE_00510,2021,USN_2025_111,COMP_012,Placed,8.50,JAVA_BACKEND,1
PLACE_00511,2022,USN_2025_204,COMP_009,Placed,20.00,PYTHON,1
PLACE_00512,2023,USN_2025_438,COMP_001,Placed,48.00,VECTOR_DATABASES,1
PLACE_00513,2021,USN_2025_445,COMP_001,Placed,48.00,PYSPARK,1
PLACE_00514,2022,USN_2025_426,COMP_013,Placed,7.00,PYTHON,1
PLACE_00515,2020,USN_2025_379,COMP_013,Placed,7.00,PYTHON,0
PLACE_00516,2024,USN_2025_078,,Not Placed,0.00,REACT,1
PLACE_00517,2023,USN_2025_085,COMP_013,Placed,7.00,PYTHON,1
PLACE_00518,2022,USN_2025_438,COMP_003,Placed,42.00,PYTHON,1
PLACE_00519,2025,USN_2025_251,COMP_005,Placed,32.00,JAVA_BACKEND,1
PLACE_00520,2020,USN_2025_402,COMP_013,Placed,7.00,PYTHON,1
PLACE_00521,2024,USN_2025_405,COMP_002,Placed,45.00,PYTHON,1
PLACE_00522,2020,USN_2025_041,COMP_012,Placed,8.50,AWS_CLOUD,1
PLACE_00523,2022,USN_2025_158,COMP_013,Placed,7.00,SQL,1
PLACE_00524,2021,USN_2025_360,COMP_010,Placed,18.00,AWS_CLOUD,1
PLACE_00525,2024,USN_2025_084,COMP_008,Placed,24.00,SQL,1
PLACE_00526,2020,USN_2025_380,COMP_005,Placed,32.00,AWS_CLOUD,1
PLACE_00527,2021,USN_2025_269,COMP_009,Placed,20.00,VECTOR_DATABASES,1
PLACE_00528,2023,USN_2025_223,COMP_005,Placed,32.00,JAVA_BACKEND,1
PLACE_00529,2022,USN_2025_201,COMP_011,Placed,9.00,REACT,1
PLACE_00530,2022,USN_2025_468,,Not Placed,0.00,SQL,1
PLACE_00531,2024,USN_2025_170,COMP_004,Placed,38.00,PYTHON,1
PLACE_00532,2020,USN_2025_011,COMP_012,Placed,8.50,AWS_CLOUD,1
PLACE_00533,2023,USN_2025_445,COMP_004,Placed,38.00,DEEP_LEARNING,1
PLACE_00534,2025,USN_2025_451,COMP_009,Placed,20.00,PYTHON,1
PLACE_00535,2024,USN_2025_186,COMP_009,Placed,20.00,JAVA_BACKEND,1
PLACE_00536,2025,USN_2025_422,COMP_012,Placed,8.50,SQL,1
PLACE_00537,2024,USN_2025_008,COMP_010,Placed,18.00,AWS_CLOUD,1
PLACE_00538,2020,USN_2025_095,COMP_002,Placed,45.00,PYTHON,1
PLACE_00539,2023,USN_2025_269,COMP_006,Placed,28.00,CPP,1
PLACE_00540,2020,USN_2025_053,COMP_001,Placed,48.00,DATABRICKS_DE,1
PLACE_00541,2022,USN_2025_255,COMP_012,Placed,8.50,DATABRICKS_DE,1
PLACE_00542,2025,USN_2025_243,COMP_003,Placed,42.00,GENAI_LLMS,1
PLACE_00543,2021,USN_2025_408,COMP_002,Placed,45.00,PYTHON,1
PLACE_00544,2022,USN_2025_170,COMP_001,Placed,48.00,VECTOR_DATABASES,1
PLACE_00545,2022,USN_2025_082,COMP_007,Placed,26.00,REACT,1
PLACE_00546,2025,USN_2025_048,COMP_007,Placed,26.00,PYTHON,1
PLACE_00547,2024,USN_2025_115,COMP_005,Placed,32.00,SQL,1
PLACE_00548,2022,USN_2025_356,COMP_003,Placed,42.00,AWS_CLOUD,1
PLACE_00549,2023,USN_2025_145,COMP_013,Placed,7.00,CPP,1
PLACE_00550,2022,USN_2025_436,COMP_005,Placed,32.00,SQL,1
PLACE_00551,2023,USN_2025_094,COMP_002,Placed,45.00,PYTHON,1
PLACE_00552,2020,USN_2025_138,,Not Placed,0.00,CPP,1
PLACE_00553,2024,USN_2025_500,COMP_013,Placed,7.00,COMPUTER_VISION,1
PLACE_00554,2023,USN_2025_492,COMP_012,Placed,8.50,SQL,1
PLACE_00555,2022,USN_2025_184,COMP_011,Placed,9.00,PYTHON,1
PLACE_00556,2024,USN_2025_246,COMP_005,Placed,32.00,JAVA_BACKEND,1
PLACE_00557,2024,USN_2025_069,COMP_007,Placed,26.00,PYTHON,1
PLACE_00558,2023,USN_2025_072,COMP_004,Placed,38.00,MACHINE_LEARNING,1
PLACE_00559,2023,USN_2025_228,COMP_011,Placed,9.00,REACT,1
PLACE_00560,2021,USN_2025_458,,Not Placed,0.00,COMPUTER_VISION,1
PLACE_00561,2021,USN_2025_216,COMP_009,Placed,20.00,SQL,1
PLACE_00562,2024,USN_2025_426,COMP_005,Placed,32.00,SQL,1
PLACE_00563,2025,USN_2025_096,,Not Placed,0.00,CPP,1
PLACE_00564,2025,USN_2025_077,COMP_012,Placed,8.50,AWS_CLOUD,1
PLACE_00565,2021,USN_2025_429,COMP_013,Placed,7.00,PYSPARK,1
PLACE_00566,2022,USN_2025_492,COMP_011,Placed,9.00,PYTHON,1
PLACE_00567,2020,USN_2025_308,COMP_002,Placed,45.00,PYSPARK,1
PLACE_00568,2024,USN_2025_089,COMP_010,Placed,18.00,AWS_CLOUD,1
PLACE_00569,2020,USN_2025_308,COMP_005,Placed,32.00,JAVA_BACKEND,1
PLACE_00570,2021,USN_2025_392,COMP_010,Placed,18.00,PYTHON,1
PLACE_00571,2023,USN_2025_150,COMP_007,Placed,26.00,PYTHON,1
PLACE_00572,2024,USN_2025_029,COMP_011,Placed,9.00,SQL,1
PLACE_00573,2021,USN_2025_162,COMP_008,Placed,24.00,REACT,1
PLACE_00574,2022,USN_2025_357,COMP_010,Placed,18.00,PYTHON,1
PLACE_00575,2024,USN_2025_035,COMP_013,Placed,7.00,JAVA_BACKEND,1
PLACE_00576,2024,USN_2025_245,COMP_009,Placed,20.00,JAVA_BACKEND,1
PLACE_00577,2025,USN_2025_399,COMP_012,Placed,8.50,DEEP_LEARNING,1
PLACE_00578,2023,USN_2025_465,,Not Placed,0.00,VECTOR_DATABASES,1
PLACE_00579,2024,USN_2025_022,COMP_010,Placed,18.00,VECTOR_DATABASES,1
PLACE_00580,2023,USN_2025_470,COMP_005,Placed,32.00,SQL,1
PLACE_00581,2021,USN_2025_249,COMP_009,Placed,20.00,JAVA_BACKEND,1
PLACE_00582,2022,USN_2025_399,COMP_013,Placed,7.00,PYTHON,1
PLACE_00583,2022,USN_2025_058,COMP_012,Placed,8.50,MACHINE_LEARNING,1
PLACE_00584,2024,USN_2025_106,COMP_007,Placed,26.00,JAVA_BACKEND,1
PLACE_00585,2024,USN_2025_419,COMP_010,Placed,18.00,PYTHON,1
PLACE_00586,2021,USN_2025_232,COMP_006,Placed,28.00,MACHINE_LEARNING,1
PLACE_00587,2025,USN_2025_070,COMP_008,Placed,24.00,JAVA_BACKEND,1
PLACE_00588,2025,USN_2025_207,COMP_003,Placed,42.00,SQL,1
PLACE_00589,2025,USN_2025_081,COMP_001,Placed,48.00,DATABRICKS_DE,1
PLACE_00590,2023,USN_2025_399,COMP_013,Placed,7.00,PYTHON,1
PLACE_00591,2025,USN_2025_445,COMP_007,Placed,26.00,MACHINE_LEARNING,1
PLACE_00592,2022,USN_2025_441,COMP_009,Placed,20.00,SQL,1
PLACE_00593,2023,USN_2025_178,COMP_012,Placed,8.50,JAVA_BACKEND,1
PLACE_00594,2021,USN_2025_344,COMP_013,Placed,7.00,PYTHON,1
PLACE_00595,2022,USN_2025_416,COMP_013,Placed,7.00,SQL,1
PLACE_00596,2022,USN_2025_322,COMP_013,Placed,7.00,SQL,1
PLACE_00597,2020,USN_2025_085,,Not Placed,0.00,VECTOR_DATABASES,1
PLACE_00598,2021,USN_2025_411,COMP_004,Placed,38.00,CPP,1
PLACE_00599,2021,USN_2025_289,COMP_013,Placed,7.00,SQL,1
PLACE_00600,2020,USN_2025_042,COMP_003,Placed,42.00,AWS_CLOUD,1
PLACE_00601,2023,USN_2025_454,COMP_001,Placed,48.00,SQL,1
PLACE_00602,2025,USN_2025_111,COMP_012,Placed,8.50,JAVA_BACKEND,1
PLACE_00603,2025,USN_2025_389,COMP_004,Placed,38.00,CPP,1
PLACE_00604,2025,USN_2025_142,COMP_005,Placed,32.00,MACHINE_LEARNING,1
PLACE_00605,2025,USN_2025_257,COMP_012,Placed,8.50,SQL,1
PLACE_00606,2025,USN_2025_069,COMP_008,Placed,24.00,MACHINE_LEARNING,1
PLACE_00607,2020,USN_2025_339,COMP_011,Placed,9.00,PYTHON,1
PLACE_00608,2021,USN_2025_127,COMP_005,Placed,32.00,JAVA_BACKEND,1
PLACE_00609,2023,USN_2025_187,COMP_007,Placed,26.00,CPP,1
PLACE_00610,2022,USN_2025_310,COMP_011,Placed,9.00,MACHINE_LEARNING,1
PLACE_00611,2025,USN_2025_234,COMP_013,Placed,7.00,PYTHON,1
PLACE_00612,2020,USN_2025_213,COMP_012,Placed,8.50,SQL,1
PLACE_00613,2023,USN_2025_405,COMP_002,Placed,45.00,PYTHON,1
PLACE_00614,2023,USN_2025_257,COMP_010,Placed,18.00,AWS_CLOUD,1
PLACE_00615,2023,USN_2025_315,COMP_010,Placed,18.00,SQL,1
PLACE_00616,2020,USN_2025_365,COMP_012,Placed,8.50,JAVA_BACKEND,0
PLACE_00617,2022,USN_2025_453,COMP_012,Placed,8.50,PYTHON,1
PLACE_00618,2025,USN_2025_129,COMP_002,Placed,45.00,MACHINE_LEARNING,1
PLACE_00619,2023,USN_2025_372,COMP_013,Placed,7.00,PYTHON,1
PLACE_00620,2020,USN_2025_488,COMP_012,Placed,8.50,DEEP_LEARNING,1
PLACE_00621,2021,USN_2025_184,COMP_012,Placed,8.50,AWS_CLOUD,1
PLACE_00622,2020,USN_2025_029,COMP_012,Placed,8.50,JAVA_BACKEND,1
PLACE_00623,2020,USN_2025_117,COMP_011,Placed,9.00,REACT,1
PLACE_00624,2020,USN_2025_031,COMP_005,Placed,32.00,SQL,1
PLACE_00625,2023,USN_2025_195,COMP_013,Placed,7.00,PYTHON,1
PLACE_00626,2020,USN_2025_207,COMP_003,Placed,42.00,SQL,1
PLACE_00627,2021,USN_2025_394,COMP_004,Placed,38.00,PYTHON,1
PLACE_00628,2023,USN_2025_110,COMP_013,Placed,7.00,PYTHON,1
PLACE_00629,2021,USN_2025_172,COMP_005,Placed,32.00,AWS_CLOUD,1
PLACE_00630,2024,USN_2025_052,COMP_001,Placed,48.00,PYSPARK,1
PLACE_00631,2020,USN_2025_151,COMP_003,Placed,42.00,SQL,1
PLACE_00632,2025,USN_2025_365,COMP_010,Placed,18.00,PYTHON,0
PLACE_00633,2025,USN_2025_067,COMP_013,Placed,7.00,SQL,1
PLACE_00634,2023,USN_2025_179,COMP_003,Placed,42.00,JAVA_BACKEND,1
PLACE_00635,2025,USN_2025_271,COMP_013,Placed,7.00,PYTHON,1
PLACE_00636,2023,USN_2025_179,COMP_002,Placed,45.00,JAVA_BACKEND,1
PLACE_00637,2020,USN_2025_391,COMP_011,Placed,9.00,SQL,1
PLACE_00638,2022,USN_2025_097,COMP_007,Placed,26.00,REACT,1
PLACE_00639,2022,USN_2025_113,COMP_010,Placed,18.00,MACHINE_LEARNING,1
PLACE_00640,2021,USN_2025_358,COMP_010,Placed,18.00,PYTHON,1
PLACE_00641,2020,USN_2025_347,COMP_013,Placed,7.00,PYTHON,1
PLACE_00642,2025,USN_2025_120,,Not Placed,0.00,JAVA_BACKEND,1
PLACE_00643,2020,USN_2025_115,COMP_009,Placed,20.00,SQL,1
PLACE_00644,2024,USN_2025_136,COMP_010,Placed,18.00,AWS_CLOUD,1
PLACE_00645,2022,USN_2025_387,COMP_012,Placed,8.50,JAVA_BACKEND,1
PLACE_00646,2025,USN_2025_073,COMP_001,Placed,48.00,DATABRICKS_DE,1
PLACE_00647,2022,USN_2025_300,COMP_013,Placed,7.00,SQL,1
PLACE_00648,2020,USN_2025_143,COMP_004,Placed,38.00,JAVA_BACKEND,1
PLACE_00649,2025,USN_2025_366,COMP_004,Placed,38.00,CPP,1
PLACE_00650,2021,USN_2025_273,COMP_007,Placed,26.00,REACT,1
PLACE_00651,2020,USN_2025_287,COMP_003,Placed,42.00,CPP,1
PLACE_00652,2021,USN_2025_107,COMP_010,Placed,18.00,AWS_CLOUD,1
PLACE_00653,2025,USN_2025_412,,Not Placed,0.00,JAVA_BACKEND,1
PLACE_00654,2022,USN_2025_123,COMP_007,Placed,26.00,PYTHON,1
PLACE_00655,2024,USN_2025_003,COMP_003,Placed,42.00,CPP,1
PLACE_00656,2023,USN_2025_293,COMP_012,Placed,8.50,JAVA_BACKEND,1
PLACE_00657,2022,USN_2025_202,COMP_011,Placed,9.00,JAVA_BACKEND,1
PLACE_00658,2021,USN_2025_025,COMP_013,Placed,7.00,PYSPARK,1
PLACE_00659,2020,USN_2025_320,COMP_002,Placed,45.00,PYSPARK,1
PLACE_00660,2025,USN_2025_137,,Not Placed,0.00,REACT,1
PLACE_00661,2022,USN_2025_201,COMP_012,Placed,8.50,GENAI_LLMS,1
PLACE_00662,2024,USN_2025_147,COMP_013,Placed,7.00,PYSPARK,1
PLACE_00663,2025,USN_2025_221,COMP_005,Placed,32.00,REACT,1
PLACE_00664,2021,USN_2025_053,COMP_003,Placed,42.00,AWS_CLOUD,1
PLACE_00665,2025,USN_2025_046,COMP_013,Placed,7.00,PYTHON,1
PLACE_00666,2025,USN_2025_347,COMP_013,Placed,7.00,SQL,1
PLACE_00667,2020,USN_2025_064,COMP_005,Placed,32.00,SQL,1
PLACE_00668,2023,USN_2025_320,COMP_002,Placed,45.00,DATABRICKS_DE,1
PLACE_00669,2021,USN_2025_438,COMP_003,Placed,42.00,PYTHON,1
PLACE_00670,2020,USN_2025_486,COMP_013,Placed,7.00,PYTHON,1
PLACE_00671,2023,USN_2025_377,COMP_005,Placed,32.00,JAVA_BACKEND,1
PLACE_00672,2020,USN_2025_361,COMP_005,Placed,32.00,SQL,1
PLACE_00673,2023,USN_2025_493,COMP_001,Placed,48.00,PYSPARK,1
PLACE_00674,2023,USN_2025_070,COMP_008,Placed,24.00,JAVA_BACKEND,1
PLACE_00675,2023,USN_2025_364,COMP_010,Placed,18.00,PYTHON,1
PLACE_00676,2020,USN_2025_440,COMP_005,Placed,32.00,SQL,1
PLACE_00677,2025,USN_2025_102,,Not Placed,0.00,DATABRICKS_DE,1
PLACE_00678,2023,USN_2025_104,COMP_005,Placed,32.00,CPP,1
PLACE_00679,2025,USN_2025_002,COMP_011,Placed,9.00,REACT,1
PLACE_00680,2021,USN_2025_430,COMP_011,Placed,9.00,SQL,1
PLACE_00681,2024,USN_2025_257,COMP_013,Placed,7.00,PYTHON,1
PLACE_00682,2025,USN_2025_220,COMP_009,Placed,20.00,PYTHON,1
PLACE_00683,2024,USN_2025_065,COMP_001,Placed,48.00,PYTHON,1
PLACE_00684,2023,USN_2025_286,COMP_009,Placed,20.00,JAVA_BACKEND,1
PLACE_00685,2024,USN_2025_215,COMP_012,Placed,8.50,SQL,1
PLACE_00686,2024,USN_2025_409,COMP_005,Placed,32.00,SQL,1
PLACE_00687,2023,USN_2025_194,COMP_013,Placed,7.00,PYSPARK,1
PLACE_00688,2025,USN_2025_492,COMP_012,Placed,8.50,SQL,1
PLACE_00689,2023,USN_2025_246,COMP_003,Placed,42.00,CPP,1
PLACE_00690,2021,USN_2025_436,COMP_005,Placed,32.00,SQL,1
PLACE_00691,2022,USN_2025_490,COMP_004,Placed,38.00,PYTHON,1
PLACE_00692,2020,USN_2025_416,COMP_012,Placed,8.50,SQL,1
PLACE_00693,2023,USN_2025_067,,Not Placed,0.00,CPP,1
PLACE_00694,2023,USN_2025_376,COMP_004,Placed,38.00,COMPUTER_VISION,1
PLACE_00695,2024,USN_2025_331,COMP_013,Placed,7.00,SQL,1
PLACE_00696,2021,USN_2025_457,COMP_004,Placed,38.00,COMPUTER_VISION,1
PLACE_00697,2024,USN_2025_286,COMP_013,Placed,7.00,REACT,1
PLACE_00698,2025,USN_2025_494,COMP_013,Placed,7.00,SQL,1
PLACE_00699,2023,USN_2025_404,,Not Placed,0.00,PYTHON,1
PLACE_00700,2023,USN_2025_031,COMP_012,Placed,8.50,SQL,1
PLACE_00701,2024,USN_2025_110,COMP_011,Placed,9.00,PYTHON,1
PLACE_00702,2023,USN_2025_044,COMP_008,Placed,24.00,REACT,1
PLACE_00703,2025,USN_2025_343,COMP_012,Placed,8.50,SQL,1
PLACE_00704,2022,USN_2025_256,COMP_010,Placed,18.00,JAVA_BACKEND,1
PLACE_00705,2020,USN_2025_355,COMP_011,Placed,9.00,MACHINE_LEARNING,1
PLACE_00706,2020,USN_2025_447,COMP_004,Placed,38.00,COMPUTER_VISION,1
PLACE_00707,2020,USN_2025_265,COMP_010,Placed,18.00,AWS_CLOUD,1
PLACE_00708,2022,USN_2025_389,COMP_002,Placed,45.00,CPP,1
PLACE_00709,2023,USN_2025_089,COMP_013,Placed,7.00,SQL,1
PLACE_00710,2024,USN_2025_174,COMP_013,Placed,7.00,PYTHON,1
PLACE_00711,2021,USN_2025_488,,Not Placed,0.00,DEEP_LEARNING,1
PLACE_00712,2023,USN_2025_406,COMP_012,Placed,8.50,SQL,1
PLACE_00713,2022,USN_2025_060,COMP_010,Placed,18.00,PYTHON,1
PLACE_00714,2025,USN_2025_425,COMP_003,Placed,42.00,CPP,1
PLACE_00715,2022,USN_2025_292,COMP_013,Placed,7.00,SQL,1
PLACE_00716,2020,USN_2025_146,COMP_005,Placed,32.00,JAVA_BACKEND,1
PLACE_00717,2023,USN_2025_415,COMP_004,Placed,38.00,PYTHON,1
PLACE_00718,2020,USN_2025_376,COMP_002,Placed,45.00,PYTHON,1
PLACE_00719,2021,USN_2025_228,,Not Placed,0.00,VECTOR_DATABASES,1
PLACE_00720,2025,USN_2025_034,COMP_013,Placed,7.00,SQL,1
PLACE_00721,2020,USN_2025_328,COMP_005,Placed,32.00,COMPUTER_VISION,1
PLACE_00722,2021,USN_2025_346,COMP_010,Placed,18.00,COMPUTER_VISION,1
PLACE_00723,2022,USN_2025_125,COMP_013,Placed,7.00,SQL,1
PLACE_00724,2020,USN_2025_380,COMP_005,Placed,32.00,JAVA_BACKEND,1
PLACE_00725,2020,USN_2025_334,COMP_003,Placed,42.00,PYTHON,0
PLACE_00726,2024,USN_2025_355,COMP_013,Placed,7.00,PYTHON,1
PLACE_00727,2025,USN_2025_361,COMP_013,Placed,7.00,SQL,1
PLACE_00728,2025,USN_2025_413,COMP_005,Placed,32.00,AWS_CLOUD,1
PLACE_00729,2022,USN_2025_084,COMP_009,Placed,20.00,SQL,1
PLACE_00730,2024,USN_2025_032,COMP_013,Placed,7.00,PYTHON,1
PLACE_00731,2021,USN_2025_102,COMP_013,Placed,7.00,SQL,1
PLACE_00732,2021,USN_2025_077,COMP_012,Placed,8.50,AWS_CLOUD,1
PLACE_00733,2022,USN_2025_131,COMP_012,Placed,8.50,SQL,1
PLACE_00734,2025,USN_2025_138,COMP_006,Placed,28.00,SQL,1
PLACE_00735,2021,USN_2025_138,COMP_005,Placed,32.00,SQL,1
PLACE_00736,2022,USN_2025_319,COMP_007,Placed,26.00,REACT,1
PLACE_00737,2021,USN_2025_335,COMP_002,Placed,45.00,CPP,1
PLACE_00738,2023,USN_2025_308,COMP_004,Placed,38.00,PYSPARK,1
PLACE_00739,2020,USN_2025_140,COMP_005,Placed,32.00,REACT,1
PLACE_00740,2025,USN_2025_072,COMP_003,Placed,42.00,SQL,1
PLACE_00741,2023,USN_2025_225,,Not Placed,0.00,MACHINE_LEARNING,1
PLACE_00742,2022,USN_2025_471,COMP_007,Placed,26.00,PYTHON,1
PLACE_00743,2022,USN_2025_328,COMP_005,Placed,32.00,COMPUTER_VISION,1
PLACE_00744,2023,USN_2025_368,COMP_009,Placed,20.00,PYTHON,1
PLACE_00745,2020,USN_2025_382,COMP_010,Placed,18.00,MACHINE_LEARNING,1
PLACE_00746,2020,USN_2025_087,COMP_012,Placed,8.50,LANGCHAIN,1
PLACE_00747,2024,USN_2025_324,COMP_003,Placed,42.00,REACT,1
PLACE_00748,2021,USN_2025_394,COMP_003,Placed,42.00,PYTHON,1
PLACE_00749,2024,USN_2025_248,COMP_012,Placed,8.50,AWS_CLOUD,1
PLACE_00750,2020,USN_2025_441,COMP_007,Placed,26.00,PYTHON,1
PLACE_00751,2023,USN_2025_007,COMP_008,Placed,24.00,JAVA_BACKEND,1
PLACE_00752,2021,USN_2025_448,COMP_012,Placed,8.50,DEEP_LEARNING,1
PLACE_00753,2023,USN_2025_092,COMP_004,Placed,38.00,CPP,1
PLACE_00754,2024,USN_2025_203,COMP_012,Placed,8.50,SQL,1
PLACE_00755,2022,USN_2025_057,COMP_012,Placed,8.50,JAVA_BACKEND,1
PLACE_00756,2023,USN_2025_133,COMP_011,Placed,9.00,SQL,1
PLACE_00757,2024,USN_2025_044,COMP_002,Placed,45.00,REACT,1
PLACE_00758,2024,USN_2025_241,COMP_013,Placed,7.00,PYTHON,1
PLACE_00759,2024,USN_2025_005,COMP_009,Placed,20.00,SQL,1
PLACE_00760,2022,USN_2025_259,COMP_013,Placed,7.00,PYSPARK,1
PLACE_00761,2022,USN_2025_398,COMP_005,Placed,32.00,AWS_CLOUD,1
PLACE_00762,2022,USN_2025_448,COMP_013,Placed,7.00,PYTHON,1
PLACE_00763,2021,USN_2025_065,COMP_013,Placed,7.00,PYSPARK,1
PLACE_00764,2022,USN_2025_465,COMP_011,Placed,9.00,PYTHON,1
PLACE_00765,2022,USN_2025_381,COMP_013,Placed,7.00,PYTHON,1
PLACE_00766,2022,USN_2025_257,COMP_010,Placed,18.00,PYTHON,1
PLACE_00767,2023,USN_2025_052,COMP_004,Placed,38.00,CPP,1
PLACE_00768,2022,USN_2025_014,COMP_013,Placed,7.00,SQL,1
PLACE_00769,2021,USN_2025_089,COMP_011,Placed,9.00,SQL,1
PLACE_00770,2024,USN_2025_138,COMP_007,Placed,26.00,CPP,1
PLACE_00771,2023,USN_2025_180,COMP_013,Placed,7.00,GENAI_LLMS,1
PLACE_00772,2020,USN_2025_401,COMP_005,Placed,32.00,AWS_CLOUD,1
PLACE_00773,2022,USN_2025_138,COMP_005,Placed,32.00,SQL,1
PLACE_00774,2024,USN_2025_408,COMP_003,Placed,42.00,PYTHON,1
PLACE_00775,2024,USN_2025_042,COMP_004,Placed,38.00,PYTHON,1
PLACE_00776,2023,USN_2025_134,COMP_010,Placed,18.00,CPP,1
PLACE_00777,2020,USN_2025_009,COMP_003,Placed,42.00,GENAI_LLMS,1
PLACE_00778,2025,USN_2025_497,COMP_002,Placed,45.00,MACHINE_LEARNING,1
PLACE_00779,2021,USN_2025_223,COMP_005,Placed,32.00,JAVA_BACKEND,1
PLACE_00780,2025,USN_2025_302,COMP_013,Placed,7.00,PYSPARK,1
PLACE_00781,2024,USN_2025_360,COMP_011,Placed,9.00,SQL,1
PLACE_00782,2025,USN_2025_112,COMP_009,Placed,20.00,PYTHON,1
PLACE_00783,2024,USN_2025_500,COMP_013,Placed,7.00,VECTOR_DATABASES,1
PLACE_00784,2025,USN_2025_367,COMP_012,Placed,8.50,AWS_CLOUD,1
PLACE_00785,2024,USN_2025_220,COMP_012,Placed,8.50,AWS_CLOUD,1
PLACE_00786,2024,USN_2025_479,COMP_013,Placed,7.00,PYTHON,1
PLACE_00787,2023,USN_2025_403,COMP_011,Placed,9.00,MACHINE_LEARNING,1
PLACE_00788,2020,USN_2025_102,COMP_005,Placed,32.00,SQL,1
PLACE_00789,2024,USN_2025_285,COMP_013,Placed,7.00,SQL,1
PLACE_00790,2021,USN_2025_350,COMP_010,Placed,18.00,PYTHON,1
PLACE_00791,2021,USN_2025_303,COMP_011,Placed,9.00,MACHINE_LEARNING,1
PLACE_00792,2022,USN_2025_459,COMP_012,Placed,8.50,NLP,1
PLACE_00793,2024,USN_2025_382,COMP_012,Placed,8.50,SQL,1
PLACE_00794,2024,USN_2025_121,COMP_002,Placed,45.00,DATABRICKS_DE,1
PLACE_00795,2024,USN_2025_365,,Not Placed,0.00,CPP,0
PLACE_00796,2025,USN_2025_280,,Not Placed,0.00,SQL,1
PLACE_00797,2024,USN_2025_470,COMP_012,Placed,8.50,SQL,1
PLACE_00798,2024,USN_2025_259,COMP_003,Placed,42.00,JAVA_BACKEND,1
PLACE_00799,2021,USN_2025_489,COMP_013,Placed,7.00,SQL,1
PLACE_00800,2020,USN_2025_120,COMP_011,Placed,9.00,CPP,1
PLACE_00801,2020,USN_2025_153,COMP_010,Placed,18.00,SQL,1
PLACE_00802,2022,USN_2025_112,COMP_011,Placed,9.00,SQL,1
PLACE_00803,2021,USN_2025_222,COMP_010,Placed,18.00,AWS_CLOUD,1
PLACE_00804,2024,USN_2025_213,COMP_012,Placed,8.50,SQL,1
PLACE_00805,2020,USN_2025_112,COMP_009,Placed,20.00,SQL,1
PLACE_00806,2023,USN_2025_120,COMP_011,Placed,9.00,CPP,1
PLACE_00807,2023,USN_2025_045,COMP_009,Placed,20.00,PYTHON,1
PLACE_00808,2023,USN_2025_042,COMP_006,Placed,28.00,PYTHON,1
PLACE_00809,2024,USN_2025_442,COMP_011,Placed,9.00,MACHINE_LEARNING,1
PLACE_00810,2024,USN_2025_251,COMP_007,Placed,26.00,GENAI_LLMS,1
PLACE_00811,2022,USN_2025_456,COMP_005,Placed,32.00,PYTHON,1
PLACE_00812,2022,USN_2025_401,COMP_012,Placed,8.50,SQL,1
PLACE_00813,2022,USN_2025_312,COMP_013,Placed,7.00,PYTHON,1
PLACE_00814,2025,USN_2025_197,COMP_013,Placed,7.00,PYTHON,1
PLACE_00815,2023,USN_2025_168,COMP_009,Placed,20.00,SQL,1
PLACE_00816,2024,USN_2025_360,COMP_011,Placed,9.00,MACHINE_LEARNING,1
PLACE_00817,2023,USN_2025_049,COMP_012,Placed,8.50,JAVA_BACKEND,1
PLACE_00818,2022,USN_2025_158,COMP_013,Placed,7.00,SQL,1
PLACE_00819,2024,USN_2025_308,COMP_001,Placed,48.00,PYSPARK,1
PLACE_00820,2021,USN_2025_254,COMP_013,Placed,7.00,PYSPARK,1
PLACE_00821,2020,USN_2025_056,COMP_002,Placed,45.00,REACT,1
PLACE_00822,2020,USN_2025_357,COMP_012,Placed,8.50,JAVA_BACKEND,1
PLACE_00823,2022,USN_2025_212,COMP_012,Placed,8.50,AWS_CLOUD,1
PLACE_00824,2023,USN_2025_253,COMP_003,Placed,42.00,CPP,1
PLACE_00825,2021,USN_2025_429,COMP_012,Placed,8.50,PYTHON,1
PLACE_00826,2024,USN_2025_383,COMP_013,Placed,7.00,SQL,1
PLACE_00827,2023,USN_2025_186,COMP_009,Placed,20.00,JAVA_BACKEND,1
PLACE_00828,2022,USN_2025_194,COMP_013,Placed,7.00,PYSPARK,1
PLACE_00829,2023,USN_2025_305,COMP_011,Placed,9.00,PYTHON,1
PLACE_00830,2022,USN_2025_362,COMP_011,Placed,9.00,PYTHON,1
PLACE_00831,2025,USN_2025_443,COMP_013,Placed,7.00,SQL,1
PLACE_00832,2020,USN_2025_426,COMP_005,Placed,32.00,SQL,1
PLACE_00833,2020,USN_2025_290,COMP_007,Placed,26.00,GENAI_LLMS,1
PLACE_00834,2023,USN_2025_161,COMP_007,Placed,26.00,REACT,1
PLACE_00835,2021,USN_2025_330,COMP_005,Placed,32.00,SQL,1
PLACE_00836,2024,USN_2025_394,COMP_002,Placed,45.00,DEEP_LEARNING,1
PLACE_00837,2022,USN_2025_388,COMP_009,Placed,20.00,PYTHON,1
PLACE_00838,2024,USN_2025_098,COMP_011,Placed,9.00,SQL,1
PLACE_00839,2020,USN_2025_179,COMP_001,Placed,48.00,REACT,1
PLACE_00840,2021,USN_2025_164,COMP_009,Placed,20.00,SQL,1
PLACE_00841,2021,USN_2025_262,COMP_012,Placed,8.50,VECTOR_DATABASES,1
PLACE_00842,2024,USN_2025_123,COMP_007,Placed,26.00,CPP,1
PLACE_00843,2020,USN_2025_175,COMP_012,Placed,8.50,AWS_CLOUD,1
PLACE_00844,2024,USN_2025_315,COMP_013,Placed,7.00,SQL,1
PLACE_00845,2023,USN_2025_373,COMP_010,Placed,18.00,AWS_CLOUD,1
PLACE_00846,2021,USN_2025_015,COMP_008,Placed,24.00,REACT,1
PLACE_00847,2021,USN_2025_232,COMP_004,Placed,38.00,CPP,1
PLACE_00848,2023,USN_2025_405,COMP_002,Placed,45.00,PYTHON,1
PLACE_00849,2020,USN_2025_091,COMP_006,Placed,28.00,PYTHON,1
PLACE_00850,2021,USN_2025_190,COMP_010,Placed,18.00,PYTHON,1
PLACE_00851,2025,USN_2025_298,COMP_012,Placed,8.50,JAVA_BACKEND,1
PLACE_00852,2025,USN_2025_032,COMP_012,Placed,8.50,AWS_CLOUD,1
PLACE_00853,2025,USN_2025_146,COMP_010,Placed,18.00,JAVA_BACKEND,1
PLACE_00854,2022,USN_2025_044,COMP_004,Placed,38.00,PYSPARK,1
PLACE_00855,2022,USN_2025_491,COMP_002,Placed,45.00,DEEP_LEARNING,1
PLACE_00856,2020,USN_2025_070,COMP_005,Placed,32.00,SQL,1
PLACE_00857,2023,USN_2025_353,COMP_013,Placed,7.00,SQL,1
PLACE_00858,2024,USN_2025_382,COMP_012,Placed,8.50,SQL,1
PLACE_00859,2020,USN_2025_408,COMP_004,Placed,38.00,COMPUTER_VISION,1
PLACE_00860,2024,USN_2025_260,COMP_011,Placed,9.00,CPP,1
PLACE_00861,2020,USN_2025_331,COMP_012,Placed,8.50,SQL,1
PLACE_00862,2022,USN_2025_103,COMP_003,Placed,42.00,PYTHON,1
PLACE_00863,2025,USN_2025_153,COMP_010,Placed,18.00,REACT,1
PLACE_00864,2023,USN_2025_067,COMP_012,Placed,8.50,SQL,1
PLACE_00865,2022,USN_2025_467,COMP_003,Placed,42.00,GENAI_LLMS,1
PLACE_00866,2023,USN_2025_321,,Not Placed,0.00,MACHINE_LEARNING,1
PLACE_00867,2024,USN_2025_246,COMP_011,Placed,9.00,CPP,1
PLACE_00868,2020,USN_2025_229,COMP_011,Placed,9.00,SQL,1
PLACE_00869,2021,USN_2025_393,COMP_003,Placed,42.00,PYTHON,1
PLACE_00870,2021,USN_2025_082,COMP_011,Placed,9.00,REACT,1
PLACE_00871,2023,USN_2025_195,COMP_013,Placed,7.00,PYTHON,1
PLACE_00872,2025,USN_2025_360,COMP_012,Placed,8.50,AWS_CLOUD,1
PLACE_00873,2025,USN_2025_413,COMP_013,Placed,7.00,SQL,1
PLACE_00874,2023,USN_2025_118,COMP_003,Placed,42.00,CPP,1
PLACE_00875,2022,USN_2025_036,COMP_010,Placed,18.00,PYTHON,1
PLACE_00876,2021,USN_2025_405,COMP_003,Placed,42.00,AWS_CLOUD,1
PLACE_00877,2022,USN_2025_098,COMP_013,Placed,7.00,SQL,1
PLACE_00878,2024,USN_2025_064,COMP_011,Placed,9.00,REACT,1
PLACE_00879,2021,USN_2025_102,COMP_009,Placed,20.00,SQL,1
PLACE_00880,2024,USN_2025_423,COMP_011,Placed,9.00,PYTHON,1
PLACE_00881,2020,USN_2025_064,COMP_003,Placed,42.00,SQL,1
PLACE_00882,2022,USN_2025_141,COMP_005,Placed,32.00,JAVA_BACKEND,1
PLACE_00883,2023,USN_2025_042,COMP_003,Placed,42.00,PYTHON,1
PLACE_00884,2021,USN_2025_402,COMP_013,Placed,7.00,PYTHON,1
PLACE_00885,2022,USN_2025_231,COMP_003,Placed,42.00,PYTHON,1
PLACE_00886,2023,USN_2025_208,COMP_013,Placed,7.00,PYSPARK,1
PLACE_00887,2020,USN_2025_442,COMP_012,Placed,8.50,SQL,1
PLACE_00888,2021,USN_2025_087,COMP_011,Placed,9.00,REACT,1
PLACE_00889,2024,USN_2025_056,COMP_005,Placed,32.00,JAVA_BACKEND,1
PLACE_00890,2020,USN_2025_225,COMP_012,Placed,8.50,SQL,1
PLACE_00891,2025,USN_2025_311,COMP_013,Placed,7.00,PYTHON,1
PLACE_00892,2023,USN_2025_467,COMP_005,Placed,32.00,MACHINE_LEARNING,1
PLACE_00893,2021,USN_2025_341,COMP_011,Placed,9.00,PYTHON,1
PLACE_00894,2021,USN_2025_364,COMP_011,Placed,9.00,SQL,1
PLACE_00895,2020,USN_2025_263,COMP_010,Placed,18.00,PYTHON,1
PLACE_00896,2021,USN_2025_075,COMP_009,Placed,20.00,SQL,1
PLACE_00897,2023,USN_2025_283,COMP_012,Placed,8.50,JAVA_BACKEND,1
PLACE_00898,2020,USN_2025_188,COMP_007,Placed,26.00,REACT,1
PLACE_00899,2024,USN_2025_130,,Not Placed,0.00,VECTOR_DATABASES,1
PLACE_00900,2020,USN_2025_408,COMP_003,Placed,42.00,SQL,1
PLACE_00901,2020,USN_2025_338,COMP_005,Placed,32.00,JAVA_BACKEND,1
PLACE_00902,2024,USN_2025_297,COMP_011,Placed,9.00,REACT,1
PLACE_00903,2025,USN_2025_294,COMP_012,Placed,8.50,REACT,1
PLACE_00904,2023,USN_2025_479,COMP_013,Placed,7.00,PYTHON,1
PLACE_00905,2025,USN_2025_118,COMP_006,Placed,28.00,CPP,1
PLACE_00906,2025,USN_2025_093,COMP_013,Placed,7.00,PYSPARK,1
PLACE_00907,2025,USN_2025_294,COMP_011,Placed,9.00,REACT,1
PLACE_00908,2022,USN_2025_102,COMP_005,Placed,32.00,SQL,1
PLACE_00909,2025,USN_2025_143,COMP_006,Placed,28.00,SQL,1
PLACE_00910,2022,USN_2025_382,COMP_011,Placed,9.00,MACHINE_LEARNING,1
PLACE_00911,2024,USN_2025_184,COMP_011,Placed,9.00,PYTHON,1
PLACE_00912,2023,USN_2025_469,,Not Placed,0.00,MACHINE_LEARNING,1
PLACE_00913,2025,USN_2025_396,COMP_013,Placed,7.00,PYTHON,1
PLACE_00914,2021,USN_2025_316,COMP_003,Placed,42.00,SQL,1
PLACE_00915,2024,USN_2025_123,COMP_008,Placed,24.00,PYTHON,1
PLACE_00916,2022,USN_2025_327,COMP_012,Placed,8.50,SQL,1
PLACE_00917,2023,USN_2025_088,COMP_009,Placed,20.00,PYSPARK,1
PLACE_00918,2020,USN_2025_136,COMP_010,Placed,18.00,AWS_CLOUD,1
PLACE_00919,2023,USN_2025_021,COMP_013,Placed,7.00,PYSPARK,1
PLACE_00920,2023,USN_2025_196,COMP_012,Placed,8.50,SQL,1
PLACE_00921,2025,USN_2025_202,COMP_005,Placed,32.00,JAVA_BACKEND,1
PLACE_00922,2025,USN_2025_139,COMP_010,Placed,18.00,PYTHON,1
PLACE_00923,2022,USN_2025_304,COMP_013,Placed,7.00,PYTHON,1
PLACE_00924,2022,USN_2025_060,COMP_009,Placed,20.00,PYTHON,1
PLACE_00925,2025,USN_2025_336,COMP_012,Placed,8.50,JAVA_BACKEND,1
PLACE_00926,2025,USN_2025_028,COMP_010,Placed,18.00,PYTHON,1
PLACE_00927,2021,USN_2025_433,COMP_011,Placed,9.00,SQL,1
PLACE_00928,2021,USN_2025_029,COMP_012,Placed,8.50,SQL,1
PLACE_00929,2024,USN_2025_283,,Not Placed,0.00,GENAI_LLMS,1
PLACE_00930,2025,USN_2025_305,COMP_011,Placed,9.00,PYTHON,1
PLACE_00931,2020,USN_2025_234,COMP_013,Placed,7.00,PYTHON,1
PLACE_00932,2021,USN_2025_482,COMP_001,Placed,48.00,PYTHON,1
PLACE_00933,2022,USN_2025_357,COMP_005,Placed,32.00,JAVA_BACKEND,1
PLACE_00934,2023,USN_2025_391,,Not Placed,0.00,PYTHON,1
PLACE_00935,2024,USN_2025_498,COMP_007,Placed,26.00,COMPUTER_VISION,1
PLACE_00936,2021,USN_2025_156,,Not Placed,0.00,SQL,1
PLACE_00937,2023,USN_2025_115,COMP_011,Placed,9.00,SQL,1
PLACE_00938,2023,USN_2025_290,COMP_007,Placed,26.00,REACT,1
PLACE_00939,2021,USN_2025_050,COMP_011,Placed,9.00,PYTHON,1
PLACE_00940,2020,USN_2025_112,COMP_012,Placed,8.50,SQL,1
PLACE_00941,2020,USN_2025_057,COMP_010,Placed,18.00,DATABRICKS_DE,1
PLACE_00942,2024,USN_2025_238,COMP_003,Placed,42.00,GENAI_LLMS,1
PLACE_00943,2020,USN_2025_198,COMP_012,Placed,8.50,AWS_CLOUD,1
PLACE_00944,2024,USN_2025_293,COMP_013,Placed,7.00,REACT,1
PLACE_00945,2022,USN_2025_476,COMP_007,Placed,26.00,PYTHON,1
PLACE_00946,2021,USN_2025_296,COMP_008,Placed,24.00,PYSPARK,1
PLACE_00947,2023,USN_2025_214,COMP_007,Placed,26.00,REACT,1
PLACE_00948,2024,USN_2025_315,COMP_012,Placed,8.50,SQL,1
PLACE_00949,2020,USN_2025_109,COMP_010,Placed,18.00,PYTHON,1
PLACE_00950,2024,USN_2025_192,COMP_013,Placed,7.00,PYSPARK,1
PLACE_00951,2025,USN_2025_347,COMP_012,Placed,8.50,SQL,1
PLACE_00952,2024,USN_2025_288,COMP_002,Placed,45.00,DATABRICKS_DE,1
PLACE_00953,2020,USN_2025_100,COMP_011,Placed,9.00,REACT,1
PLACE_00954,2025,USN_2025_165,COMP_013,Placed,7.00,PYTHON,1
PLACE_00955,2025,USN_2025_462,COMP_009,Placed,20.00,SQL,1
PLACE_00956,2020,USN_2025_302,,Not Placed,0.00,MACHINE_LEARNING,1
PLACE_00957,2025,USN_2025_081,COMP_001,Placed,48.00,DATABRICKS_DE,1
PLACE_00958,2021,USN_2025_203,COMP_010,Placed,18.00,SQL,1
PLACE_00959,2023,USN_2025_427,COMP_011,Placed,9.00,MACHINE_LEARNING,1
PLACE_00960,2021,USN_2025_421,COMP_013,Placed,7.00,PYTHON,1
PLACE_00961,2021,USN_2025_263,COMP_013,Placed,7.00,PYTHON,1
PLACE_00962,2020,USN_2025_192,COMP_012,Placed,8.50,AWS_CLOUD,1
PLACE_00963,2020,USN_2025_107,COMP_009,Placed,20.00,SQL,1
PLACE_00964,2023,USN_2025_499,COMP_006,Placed,28.00,MACHINE_LEARNING,1
PLACE_00965,2024,USN_2025_042,COMP_004,Placed,38.00,PYTHON,1
PLACE_00966,2021,USN_2025_385,COMP_010,Placed,18.00,COMPUTER_VISION,1
PLACE_00967,2025,USN_2025_125,COMP_013,Placed,7.00,PYSPARK,1
PLACE_00968,2023,USN_2025_145,COMP_012,Placed,8.50,JAVA_BACKEND,1
PLACE_00969,2021,USN_2025_031,COMP_006,Placed,28.00,PYTHON,1
PLACE_00970,2024,USN_2025_460,COMP_007,Placed,26.00,COMPUTER_VISION,1
PLACE_00971,2025,USN_2025_178,COMP_013,Placed,7.00,VECTOR_DATABASES,1
PLACE_00972,2021,USN_2025_363,COMP_003,Placed,42.00,AWS_CLOUD,1
PLACE_00973,2022,USN_2025_273,COMP_013,Placed,7.00,SQL,1
PLACE_00974,2023,USN_2025_234,COMP_012,Placed,8.50,JAVA_BACKEND,1
PLACE_00975,2020,USN_2025_430,COMP_011,Placed,9.00,SQL,1
PLACE_00976,2021,USN_2025_471,COMP_009,Placed,20.00,PYTHON,1
PLACE_00977,2025,USN_2025_315,COMP_013,Placed,7.00,SQL,1
PLACE_00978,2025,USN_2025_153,COMP_012,Placed,8.50,SQL,1
PLACE_00979,2023,USN_2025_112,COMP_009,Placed,20.00,SQL,1
PLACE_00980,2023,USN_2025_500,COMP_013,Placed,7.00,MACHINE_LEARNING,1
PLACE_00981,2025,USN_2025_483,COMP_011,Placed,9.00,MACHINE_LEARNING,1
PLACE_00982,2025,USN_2025_255,COMP_012,Placed,8.50,CPP,1
PLACE_00983,2025,USN_2025_287,COMP_004,Placed,38.00,CPP,1
PLACE_00984,2021,USN_2025_166,COMP_013,Placed,7.00,PYSPARK,1
PLACE_00985,2025,USN_2025_067,COMP_012,Placed,8.50,SQL,1
PLACE_00986,2020,USN_2025_105,COMP_006,Placed,28.00,MACHINE_LEARNING,1
PLACE_00987,2025,USN_2025_004,COMP_012,Placed,8.50,AWS_CLOUD,1
PLACE_00988,2020,USN_2025_303,COMP_010,Placed,18.00,AWS_CLOUD,1
PLACE_00989,2021,USN_2025_029,COMP_011,Placed,9.00,SQL,1
PLACE_00990,2023,USN_2025_450,COMP_009,Placed,20.00,PYTHON,1
PLACE_00991,2020,USN_2025_412,COMP_011,Placed,9.00,PYTHON,1
PLACE_00992,2021,USN_2025_215,COMP_013,Placed,7.00,SQL,1
PLACE_00993,2025,USN_2025_449,COMP_013,Placed,7.00,DEEP_LEARNING,1
PLACE_00994,2021,USN_2025_416,COMP_013,Placed,7.00,SQL,1
PLACE_00995,2025,USN_2025_316,COMP_013,Placed,7.00,PYSPARK,1
PLACE_00996,2021,USN_2025_032,COMP_013,Placed,7.00,PYTHON,1
PLACE_00997,2023,USN_2025_197,COMP_013,Placed,7.00,PYTHON,1
PLACE_00998,2020,USN_2025_048,COMP_009,Placed,20.00,PYTHON,1
PLACE_00999,2023,USN_2025_165,COMP_013,Placed,7.00,PYTHON,1
PLACE_01000,2022,USN_2025_213,COMP_012,Placed,8.50,SQL,1
PLACE_01001,2025,USN_2025_404,COMP_013,Placed,7.00,PYTHON,1
PLACE_01002,2020,USN_2025_318,COMP_013,Placed,7.00,PYTHON,1
PLACE_01003,2023,USN_2025_197,COMP_013,Placed,7.00,PYTHON,1
PLACE_01004,2020,USN_2025_120,COMP_011,Placed,9.00,DATABRICKS_DE,1
PLACE_01005,2022,USN_2025_261,COMP_013,Placed,7.00,PYSPARK,1
PLACE_01006,2024,USN_2025_187,COMP_004,Placed,38.00,CPP,1
PLACE_01007,2025,USN_2025_205,COMP_011,Placed,9.00,SQL,1
PLACE_01008,2025,USN_2025_109,COMP_011,Placed,9.00,MACHINE_LEARNING,1
PLACE_01009,2021,USN_2025_235,COMP_010,Placed,18.00,VECTOR_DATABASES,1
PLACE_01010,2025,USN_2025_243,COMP_006,Placed,28.00,CPP,1
PLACE_01011,2025,USN_2025_008,COMP_013,Placed,7.00,SQL,1
PLACE_01012,2023,USN_2025_492,COMP_011,Placed,9.00,SQL,1
PLACE_01013,2025,USN_2025_078,COMP_013,Placed,7.00,PYSPARK,1
PLACE_01014,2025,USN_2025_347,COMP_013,Placed,7.00,SQL,1
PLACE_01015,2022,USN_2025_417,COMP_004,Placed,38.00,COMPUTER_VISION,1
PLACE_01016,2022,USN_2025_192,COMP_012,Placed,8.50,AWS_CLOUD,1
PLACE_01017,2020,USN_2025_221,COMP_008,Placed,24.00,REACT,1
PLACE_01018,2020,USN_2025_413,COMP_009,Placed,20.00,PYTHON,1
PLACE_01019,2025,USN_2025_258,COMP_007,Placed,26.00,GENAI_LLMS,1
PLACE_01020,2025,USN_2025_467,COMP_005,Placed,32.00,MACHINE_LEARNING,1
PLACE_01021,2021,USN_2025_247,COMP_010,Placed,18.00,JAVA_BACKEND,1
PLACE_01022,2020,USN_2025_069,COMP_004,Placed,38.00,PYTHON,1
PLACE_01023,2023,USN_2025_437,COMP_013,Placed,7.00,PYSPARK,1
PLACE_01024,2025,USN_2025_150,COMP_002,Placed,45.00,PYTHON,1
PLACE_01025,2023,USN_2025_370,COMP_009,Placed,20.00,SQL,1
PLACE_01026,2025,USN_2025_304,COMP_013,Placed,7.00,PYTHON,1
PLACE_01027,2023,USN_2025_159,COMP_012,Placed,8.50,SQL,1
PLACE_01028,2024,USN_2025_025,COMP_013,Placed,7.00,PYSPARK,1
PLACE_01029,2023,USN_2025_103,COMP_002,Placed,45.00,PYTHON,1
PLACE_01030,2020,USN_2025_320,COMP_003,Placed,42.00,SQL,1
PLACE_01031,2025,USN_2025_082,COMP_003,Placed,42.00,AWS_CLOUD,1
PLACE_01032,2020,USN_2025_354,COMP_005,Placed,32.00,SQL,1
PLACE_01033,2023,USN_2025_274,COMP_005,Placed,32.00,JAVA_BACKEND,1
PLACE_01034,2022,USN_2025_050,COMP_013,Placed,7.00,PYTHON,1
PLACE_01035,2022,USN_2025_235,COMP_001,Placed,48.00,VECTOR_DATABASES,1
PLACE_01036,2022,USN_2025_033,COMP_013,Placed,7.00,PYTHON,1
PLACE_01037,2025,USN_2025_126,COMP_011,Placed,9.00,JAVA_BACKEND,1
PLACE_01038,2021,USN_2025_089,COMP_009,Placed,20.00,SQL,1
PLACE_01039,2024,USN_2025_033,COMP_013,Placed,7.00,PYSPARK,1
PLACE_01040,2023,USN_2025_012,COMP_002,Placed,45.00,PYSPARK,1
PLACE_01041,2021,USN_2025_262,COMP_011,Placed,9.00,PYTHON,1
PLACE_01042,2022,USN_2025_419,COMP_012,Placed,8.50,CPP,1
PLACE_01043,2023,USN_2025_233,COMP_007,Placed,26.00,GENAI_LLMS,1
PLACE_01044,2021,USN_2025_367,COMP_005,Placed,32.00,AWS_CLOUD,1
PLACE_01045,2020,USN_2025_095,COMP_007,Placed,26.00,GENAI_LLMS,1
PLACE_01046,2022,USN_2025_200,COMP_013,Placed,7.00,PYTHON,1
PLACE_01047,2021,USN_2025_473,COMP_007,Placed,26.00,PYTHON,1
PLACE_01048,2025,USN_2025_392,COMP_009,Placed,20.00,PYTHON,1
PLACE_01049,2020,USN_2025_259,COMP_003,Placed,42.00,LANGCHAIN,1
PLACE_01050,2022,USN_2025_100,COMP_010,Placed,18.00,JAVA_BACKEND,1
PLACE_01051,2024,USN_2025_242,,Not Placed,0.00,CPP,1
PLACE_01052,2022,USN_2025_264,COMP_010,Placed,18.00,PYTHON,1
PLACE_01053,2025,USN_2025_059,COMP_011,Placed,9.00,PYTHON,1
PLACE_01054,2024,USN_2025_097,COMP_004,Placed,38.00,VECTOR_DATABASES,1
PLACE_01055,2024,USN_2025_377,COMP_013,Placed,7.00,SQL,1
PLACE_01056,2024,USN_2025_493,COMP_002,Placed,45.00,MACHINE_LEARNING,1
PLACE_01057,2023,USN_2025_166,COMP_011,Placed,9.00,REACT,1
PLACE_01058,2023,USN_2025_334,COMP_012,Placed,8.50,JAVA_BACKEND,0
PLACE_01059,2024,USN_2025_026,COMP_009,Placed,20.00,PYTHON,1
PLACE_01060,2020,USN_2025_069,COMP_006,Placed,28.00,SQL,1
PLACE_01061,2024,USN_2025_412,COMP_011,Placed,9.00,MACHINE_LEARNING,1
PLACE_01062,2021,USN_2025_113,COMP_012,Placed,8.50,JAVA_BACKEND,1
PLACE_01063,2024,USN_2025_234,COMP_013,Placed,7.00,PYTHON,1
PLACE_01064,2023,USN_2025_170,COMP_002,Placed,45.00,PYTHON,1
PLACE_01065,2023,USN_2025_257,COMP_010,Placed,18.00,PYTHON,1
PLACE_01066,2021,USN_2025_302,COMP_011,Placed,9.00,REACT,1
PLACE_01067,2021,USN_2025_426,COMP_009,Placed,20.00,PYTHON,1
PLACE_01068,2022,USN_2025_073,COMP_002,Placed,45.00,DATABRICKS_DE,1
PLACE_01069,2020,USN_2025_038,COMP_013,Placed,7.00,PYSPARK,1
PLACE_01070,2020,USN_2025_367,COMP_005,Placed,32.00,SQL,1
PLACE_01071,2020,USN_2025_097,COMP_003,Placed,42.00,VECTOR_DATABASES,1
PLACE_01072,2025,USN_2025_238,COMP_007,Placed,26.00,CPP,1
PLACE_01073,2023,USN_2025_312,,Not Placed,0.00,PYTHON,1
PLACE_01074,2020,USN_2025_378,,Not Placed,0.00,PYTHON,1
PLACE_01075,2022,USN_2025_467,COMP_007,Placed,26.00,PYTHON,1
PLACE_01076,2022,USN_2025_498,COMP_005,Placed,32.00,DEEP_LEARNING,1
PLACE_01077,2020,USN_2025_182,COMP_004,Placed,38.00,JAVA_BACKEND,1
PLACE_01078,2021,USN_2025_463,COMP_005,Placed,32.00,SQL,1
PLACE_01079,2022,USN_2025_111,COMP_010,Placed,18.00,PYSPARK,1
PLACE_01080,2021,USN_2025_211,COMP_005,Placed,32.00,SQL,1
PLACE_01081,2023,USN_2025_024,COMP_013,Placed,7.00,SQL,1
PLACE_01082,2025,USN_2025_090,COMP_011,Placed,9.00,SQL,1
PLACE_01083,2022,USN_2025_077,COMP_012,Placed,8.50,JAVA_BACKEND,1
PLACE_01084,2021,USN_2025_389,COMP_003,Placed,42.00,SQL,1
PLACE_01085,2020,USN_2025_103,COMP_005,Placed,32.00,JAVA_BACKEND,1
PLACE_01086,2023,USN_2025_267,COMP_013,Placed,7.00,CPP,1
PLACE_01087,2024,USN_2025_265,COMP_009,Placed,20.00,SQL,1
PLACE_01088,2024,USN_2025_258,COMP_004,Placed,38.00,CPP,1
PLACE_01089,2020,USN_2025_131,COMP_011,Placed,9.00,PYTHON,1
PLACE_01090,2023,USN_2025_387,COMP_011,Placed,9.00,SQL,1
PLACE_01091,2023,USN_2025_380,COMP_009,Placed,20.00,JAVA_BACKEND,1
PLACE_01092,2023,USN_2025_182,COMP_003,Placed,42.00,GENAI_LLMS,1
PLACE_01093,2023,USN_2025_045,COMP_005,Placed,32.00,REACT,1
PLACE_01094,2024,USN_2025_294,COMP_012,Placed,8.50,DATABRICKS_DE,1
PLACE_01095,2021,USN_2025_037,COMP_011,Placed,9.00,GENAI_LLMS,1
PLACE_01096,2023,USN_2025_424,COMP_012,Placed,8.50,SQL,1
PLACE_01097,2021,USN_2025_421,COMP_011,Placed,9.00,PYTHON,1
PLACE_01098,2023,USN_2025_278,COMP_012,Placed,8.50,AWS_CLOUD,1
PLACE_01099,2022,USN_2025_098,COMP_006,Placed,28.00,SQL,1
PLACE_01100,2025,USN_2025_094,COMP_005,Placed,32.00,JAVA_BACKEND,1
PLACE_01101,2022,USN_2025_228,,Not Placed,0.00,JAVA_BACKEND,1
PLACE_01102,2025,USN_2025_390,COMP_009,Placed,20.00,PYTHON,1
PLACE_01103,2022,USN_2025_294,COMP_012,Placed,8.50,CPP,1
PLACE_01104,2023,USN_2025_143,COMP_003,Placed,42.00,SQL,1
PLACE_01105,2021,USN_2025_211,COMP_004,Placed,38.00,SQL,1
PLACE_01106,2025,USN_2025_215,COMP_010,Placed,18.00,PYSPARK,1
PLACE_01107,2024,USN_2025_271,COMP_013,Placed,7.00,PYTHON,1
PLACE_01108,2020,USN_2025_019,COMP_013,Placed,7.00,SQL,1
PLACE_01109,2025,USN_2025_162,COMP_012,Placed,8.50,SQL,1
PLACE_01110,2025,USN_2025_322,COMP_013,Placed,7.00,SQL,1
PLACE_01111,2024,USN_2025_394,COMP_002,Placed,45.00,DEEP_LEARNING,1
PLACE_01112,2023,USN_2025_119,COMP_009,Placed,20.00,JAVA_BACKEND,1
PLACE_01113,2022,USN_2025_038,COMP_013,Placed,7.00,SQL,1
PLACE_01114,2022,USN_2025_144,COMP_012,Placed,8.50,PYSPARK,1
PLACE_01115,2021,USN_2025_263,COMP_001,Placed,48.00,PYTHON,1
PLACE_01116,2023,USN_2025_040,COMP_010,Placed,18.00,PYTHON,1
PLACE_01117,2024,USN_2025_478,COMP_009,Placed,20.00,SQL,1
PLACE_01118,2023,USN_2025_423,COMP_012,Placed,8.50,AWS_CLOUD,1
PLACE_01119,2023,USN_2025_096,COMP_013,Placed,7.00,PYTHON,1
PLACE_01120,2022,USN_2025_282,COMP_009,Placed,20.00,SQL,1
PLACE_01121,2024,USN_2025_299,COMP_011,Placed,9.00,MACHINE_LEARNING,1
PLACE_01122,2020,USN_2025_097,COMP_006,Placed,28.00,MACHINE_LEARNING,1
PLACE_01123,2025,USN_2025_399,COMP_013,Placed,7.00,PYTHON,1
PLACE_01124,2022,USN_2025_278,COMP_013,Placed,7.00,AWS_CLOUD,1
PLACE_01125,2024,USN_2025_114,COMP_013,Placed,7.00,SQL,1
PLACE_01126,2021,USN_2025_125,COMP_013,Placed,7.00,PYSPARK,1
PLACE_01127,2025,USN_2025_363,COMP_010,Placed,18.00,PYTHON,1
PLACE_01128,2025,USN_2025_430,COMP_011,Placed,9.00,SQL,1
PLACE_01129,2022,USN_2025_003,COMP_004,Placed,38.00,CPP,1
PLACE_01130,2021,USN_2025_184,COMP_013,Placed,7.00,PYTHON,1
PLACE_01131,2022,USN_2025_497,COMP_004,Placed,38.00,DEEP_LEARNING,1
PLACE_01132,2023,USN_2025_039,COMP_007,Placed,26.00,JAVA_BACKEND,1
PLACE_01133,2024,USN_2025_113,COMP_010,Placed,18.00,MACHINE_LEARNING,1
PLACE_01134,2021,USN_2025_405,COMP_002,Placed,45.00,MACHINE_LEARNING,1
PLACE_01135,2025,USN_2025_182,COMP_012,Placed,8.50,JAVA_BACKEND,1
PLACE_01136,2022,USN_2025_420,COMP_003,Placed,42.00,CPP,1
PLACE_01137,2025,USN_2025_167,COMP_011,Placed,9.00,REACT,1
PLACE_01138,2021,USN_2025_252,COMP_005,Placed,32.00,SQL,1
PLACE_01139,2025,USN_2025_196,COMP_012,Placed,8.50,SQL,1
PLACE_01140,2022,USN_2025_327,COMP_011,Placed,9.00,SQL,1
PLACE_01141,2022,USN_2025_127,COMP_003,Placed,42.00,MACHINE_LEARNING,1
PLACE_01142,2020,USN_2025_367,COMP_005,Placed,32.00,JAVA_BACKEND,1
PLACE_01143,2025,USN_2025_322,,Not Placed,0.00,REACT,1
PLACE_01144,2020,USN_2025_199,COMP_013,Placed,7.00,PYSPARK,1
PLACE_01145,2020,USN_2025_122,COMP_012,Placed,8.50,SQL,1
PLACE_01146,2025,USN_2025_343,COMP_013,Placed,7.00,SQL,1
PLACE_01147,2021,USN_2025_077,COMP_012,Placed,8.50,JAVA_BACKEND,1
PLACE_01148,2023,USN_2025_124,COMP_005,Placed,32.00,SQL,1
PLACE_01149,2022,USN_2025_001,COMP_001,Placed,48.00,DATABRICKS_DE,1
PLACE_01150,2024,USN_2025_367,COMP_011,Placed,9.00,SQL,1
PLACE_01151,2020,USN_2025_465,,Not Placed,0.00,VECTOR_DATABASES,1
PLACE_01152,2021,USN_2025_295,COMP_013,Placed,7.00,REACT,1
PLACE_01153,2025,USN_2025_098,COMP_005,Placed,32.00,SQL,1
PLACE_01154,2021,USN_2025_141,COMP_005,Placed,32.00,JAVA_BACKEND,1
PLACE_01155,2021,USN_2025_099,COMP_002,Placed,45.00,GENAI_LLMS,1
PLACE_01156,2025,USN_2025_410,COMP_012,Placed,8.50,JAVA_BACKEND,1
PLACE_01157,2024,USN_2025_330,COMP_010,Placed,18.00,CPP,1
PLACE_01158,2025,USN_2025_314,COMP_011,Placed,9.00,REACT,1
PLACE_01159,2024,USN_2025_342,COMP_009,Placed,20.00,SQL,1
PLACE_01160,2025,USN_2025_269,COMP_005,Placed,32.00,VECTOR_DATABASES,1
PLACE_01161,2020,USN_2025_310,COMP_010,Placed,18.00,AWS_CLOUD,1
PLACE_01162,2024,USN_2025_204,COMP_008,Placed,24.00,REACT,1
PLACE_01163,2020,USN_2025_018,COMP_013,Placed,7.00,PYTHON,1
PLACE_01164,2024,USN_2025_446,COMP_011,Placed,9.00,SQL,1
PLACE_01165,2024,USN_2025_074,COMP_003,Placed,42.00,GENAI_LLMS,1
PLACE_01166,2025,USN_2025_181,COMP_013,Placed,7.00,PYTHON,1
PLACE_01167,2024,USN_2025_499,COMP_005,Placed,32.00,MACHINE_LEARNING,1
PLACE_01168,2020,USN_2025_152,COMP_010,Placed,18.00,PYTHON,1
PLACE_01169,2025,USN_2025_347,COMP_013,Placed,7.00,PYTHON,1
PLACE_01170,2022,USN_2025_121,COMP_007,Placed,26.00,REACT,1
PLACE_01171,2020,USN_2025_334,COMP_013,Placed,7.00,PYTHON,0
PLACE_01172,2022,USN_2025_102,COMP_012,Placed,8.50,SQL,1
PLACE_01173,2021,USN_2025_368,COMP_009,Placed,20.00,PYTHON,1
PLACE_01174,2025,USN_2025_467,COMP_006,Placed,28.00,PYTHON,1
PLACE_01175,2021,USN_2025_308,COMP_003,Placed,42.00,AWS_CLOUD,1
PLACE_01176,2025,USN_2025_317,COMP_005,Placed,32.00,JAVA_BACKEND,1
PLACE_01177,2025,USN_2025_071,COMP_005,Placed,32.00,SQL,1
PLACE_01178,2020,USN_2025_424,,Not Placed,0.00,DEEP_LEARNING,1
PLACE_01179,2022,USN_2025_325,COMP_013,Placed,7.00,SQL,1
PLACE_01180,2025,USN_2025_058,COMP_012,Placed,8.50,REACT,1
PLACE_01181,2022,USN_2025_112,COMP_013,Placed,7.00,PYTHON,1
PLACE_01182,2025,USN_2025_115,,Not Placed,0.00,DATABRICKS_DE,1
PLACE_01183,2022,USN_2025_223,COMP_008,Placed,24.00,JAVA_BACKEND,1
PLACE_01184,2021,USN_2025_446,COMP_011,Placed,9.00,PYTHON,1
PLACE_01185,2020,USN_2025_103,COMP_002,Placed,45.00,PYTHON,1
PLACE_01186,2025,USN_2025_493,COMP_004,Placed,38.00,GENAI_LLMS,1
PLACE_01187,2023,USN_2025_037,COMP_013,Placed,7.00,VECTOR_DATABASES,1
PLACE_01188,2022,USN_2025_495,COMP_004,Placed,38.00,DEEP_LEARNING,1
PLACE_01189,2022,USN_2025_391,COMP_012,Placed,8.50,SQL,1
PLACE_01190,2023,USN_2025_003,COMP_003,Placed,42.00,CPP,1
PLACE_01191,2020,USN_2025_032,COMP_011,Placed,9.00,REACT,1
PLACE_01192,2022,USN_2025_089,COMP_009,Placed,20.00,SQL,1
PLACE_01193,2020,USN_2025_040,COMP_012,Placed,8.50,LANGCHAIN,1
PLACE_01194,2022,USN_2025_189,COMP_011,Placed,9.00,REACT,1
PLACE_01195,2024,USN_2025_465,COMP_011,Placed,9.00,PYTHON,1
PLACE_01196,2022,USN_2025_171,COMP_008,Placed,24.00,AWS_CLOUD,1
PLACE_01197,2024,USN_2025_028,COMP_004,Placed,38.00,PYTHON,1
PLACE_01198,2025,USN_2025_255,COMP_011,Placed,9.00,REACT,1
PLACE_01199,2020,USN_2025_279,COMP_012,Placed,8.50,JAVA_BACKEND,1
PLACE_01200,2022,USN_2025_112,COMP_011,Placed,9.00,SQL,1
PLACE_01201,2021,USN_2025_243,COMP_012,Placed,8.50,AWS_CLOUD,1
PLACE_01202,2021,USN_2025_015,COMP_005,Placed,32.00,MACHINE_LEARNING,1
PLACE_01203,2023,USN_2025_343,COMP_013,Placed,7.00,SQL,1
PLACE_01204,2021,USN_2025_307,COMP_003,Placed,42.00,GENAI_LLMS,1
PLACE_01205,2024,USN_2025_182,COMP_004,Placed,38.00,REACT,1
PLACE_01206,2021,USN_2025_242,COMP_013,Placed,7.00,SQL,1
PLACE_01207,2021,USN_2025_235,COMP_002,Placed,45.00,MACHINE_LEARNING,1
PLACE_01208,2021,USN_2025_435,COMP_011,Placed,9.00,PYTHON,1
PLACE_01209,2022,USN_2025_170,COMP_002,Placed,45.00,PYTHON,1
PLACE_01210,2023,USN_2025_336,COMP_013,Placed,7.00,SQL,1
PLACE_01211,2020,USN_2025_430,COMP_012,Placed,8.50,SQL,1
PLACE_01212,2023,USN_2025_065,COMP_012,Placed,8.50,JAVA_BACKEND,1
PLACE_01213,2024,USN_2025_479,COMP_013,Placed,7.00,PYTHON,1
PLACE_01214,2022,USN_2025_133,COMP_012,Placed,8.50,SQL,1
PLACE_01215,2025,USN_2025_381,,Not Placed,0.00,COMPUTER_VISION,1
PLACE_01216,2022,USN_2025_098,COMP_010,Placed,18.00,AWS_CLOUD,1
PLACE_01217,2021,USN_2025_475,COMP_011,Placed,9.00,SQL,1
PLACE_01218,2021,USN_2025_047,COMP_010,Placed,18.00,AWS_CLOUD,1
PLACE_01219,2024,USN_2025_462,COMP_013,Placed,7.00,SQL,1
PLACE_01220,2025,USN_2025_234,COMP_012,Placed,8.50,JAVA_BACKEND,1
PLACE_01221,2022,USN_2025_259,COMP_010,Placed,18.00,LANGCHAIN,1
PLACE_01222,2025,USN_2025_421,COMP_005,Placed,32.00,JAVA_BACKEND,1
PLACE_01223,2020,USN_2025_448,COMP_012,Placed,8.50,VECTOR_DATABASES,1
PLACE_01224,2023,USN_2025_023,COMP_003,Placed,42.00,SQL,1
PLACE_01225,2022,USN_2025_313,,Not Placed,0.00,AWS_CLOUD,1
PLACE_01226,2025,USN_2025_040,COMP_010,Placed,18.00,PYTHON,1
PLACE_01227,2020,USN_2025_358,COMP_005,Placed,32.00,SQL,1
PLACE_01228,2020,USN_2025_393,COMP_004,Placed,38.00,CPP,1
PLACE_01229,2023,USN_2025_158,COMP_013,Placed,7.00,PYSPARK,1
PLACE_01230,2020,USN_2025_455,COMP_011,Placed,9.00,SQL,1
PLACE_01231,2024,USN_2025_131,COMP_012,Placed,8.50,SQL,1
PLACE_01232,2020,USN_2025_193,COMP_006,Placed,28.00,PYTHON,1
PLACE_01233,2025,USN_2025_401,COMP_013,Placed,7.00,SQL,1
PLACE_01234,2024,USN_2025_011,COMP_010,Placed,18.00,AWS_CLOUD,1
PLACE_01235,2020,USN_2025_194,COMP_013,Placed,7.00,PYSPARK,1
PLACE_01236,2021,USN_2025_331,COMP_013,Placed,7.00,SQL,1
PLACE_01237,2020,USN_2025_116,COMP_012,Placed,8.50,SQL,1
PLACE_01238,2024,USN_2025_252,COMP_005,Placed,32.00,SQL,1
PLACE_01239,2020,USN_2025_181,COMP_012,Placed,8.50,AWS_CLOUD,1
PLACE_01240,2020,USN_2025_067,COMP_013,Placed,7.00,SQL,1
PLACE_01241,2020,USN_2025_341,COMP_013,Placed,7.00,PYTHON,1
PLACE_01242,2024,USN_2025_304,COMP_013,Placed,7.00,PYTHON,1
PLACE_01243,2020,USN_2025_331,COMP_013,Placed,7.00,SQL,1
PLACE_01244,2023,USN_2025_077,COMP_012,Placed,8.50,JAVA_BACKEND,1
PLACE_01245,2025,USN_2025_485,COMP_003,Placed,42.00,NLP,1
PLACE_01246,2023,USN_2025_048,COMP_002,Placed,45.00,PYTHON,1
PLACE_01247,2024,USN_2025_101,COMP_013,Placed,7.00,PYTHON,1
PLACE_01248,2021,USN_2025_136,COMP_010,Placed,18.00,AWS_CLOUD,1
PLACE_01249,2023,USN_2025_001,COMP_004,Placed,38.00,PYTHON,1
PLACE_01250,2025,USN_2025_460,COMP_006,Placed,28.00,PYTHON,1
PLACE_01251,2022,USN_2025_374,COMP_002,Placed,45.00,PYTHON,1
PLACE_01252,2025,USN_2025_216,COMP_009,Placed,20.00,SQL,1
PLACE_01253,2023,USN_2025_234,COMP_013,Placed,7.00,PYTHON,1
PLACE_01254,2022,USN_2025_320,COMP_001,Placed,48.00,DATABRICKS_DE,1
PLACE_01255,2024,USN_2025_419,COMP_012,Placed,8.50,CPP,1
PLACE_01256,2025,USN_2025_449,COMP_013,Placed,7.00,COMPUTER_VISION,1
PLACE_01257,2021,USN_2025_413,COMP_005,Placed,32.00,AWS_CLOUD,1
PLACE_01258,2022,USN_2025_127,COMP_003,Placed,42.00,JAVA_BACKEND,1
PLACE_01259,2022,USN_2025_411,COMP_004,Placed,38.00,COMPUTER_VISION,1
PLACE_01260,2025,USN_2025_398,COMP_009,Placed,20.00,PYTHON,1
PLACE_01261,2023,USN_2025_214,COMP_001,Placed,48.00,PYSPARK,1
PLACE_01262,2022,USN_2025_490,COMP_003,Placed,42.00,PYTHON,1
PLACE_01263,2024,USN_2025_132,COMP_013,Placed,7.00,PYTHON,1
PLACE_01264,2025,USN_2025_375,COMP_003,Placed,42.00,PYTHON,1
PLACE_01265,2024,USN_2025_443,,Not Placed,0.00,SQL,1
PLACE_01266,2025,USN_2025_408,COMP_002,Placed,45.00,MACHINE_LEARNING,1
PLACE_01267,2024,USN_2025_441,COMP_005,Placed,32.00,SQL,1
PLACE_01268,2023,USN_2025_059,COMP_010,Placed,18.00,PYTHON,1
PLACE_01269,2025,USN_2025_279,COMP_012,Placed,8.50,JAVA_BACKEND,1
PLACE_01270,2021,USN_2025_248,COMP_011,Placed,9.00,PYTHON,1
PLACE_01271,2023,USN_2025_098,COMP_005,Placed,32.00,AWS_CLOUD,1
PLACE_01272,2024,USN_2025_493,COMP_012,Placed,8.50,SQL,1
PLACE_01273,2025,USN_2025_397,COMP_009,Placed,20.00,SQL,1
PLACE_01274,2023,USN_2025_163,COMP_006,Placed,28.00,MACHINE_LEARNING,1
PLACE_01275,2024,USN_2025_243,COMP_005,Placed,32.00,AWS_CLOUD,1
PLACE_01276,2020,USN_2025_489,COMP_012,Placed,8.50,SQL,1
PLACE_01277,2020,USN_2025_177,COMP_009,Placed,20.00,PYTHON,1
PLACE_01278,2022,USN_2025_215,COMP_007,Placed,26.00,CPP,1
PLACE_01279,2021,USN_2025_332,COMP_010,Placed,18.00,AWS_CLOUD,1
PLACE_01280,2020,USN_2025_366,COMP_005,Placed,32.00,AWS_CLOUD,1
PLACE_01281,2024,USN_2025_245,COMP_009,Placed,20.00,JAVA_BACKEND,1
PLACE_01282,2023,USN_2025_214,COMP_002,Placed,45.00,PYTHON,1
PLACE_01283,2025,USN_2025_421,COMP_010,Placed,18.00,PYTHON,1
PLACE_01284,2023,USN_2025_286,COMP_009,Placed,20.00,JAVA_BACKEND,1
PLACE_01285,2022,USN_2025_495,COMP_002,Placed,45.00,DEEP_LEARNING,1
PLACE_01286,2023,USN_2025_428,COMP_013,Placed,7.00,PYSPARK,1
PLACE_01287,2020,USN_2025_043,COMP_001,Placed,48.00,DATABRICKS_DE,1
PLACE_01288,2023,USN_2025_172,COMP_010,Placed,18.00,AWS_CLOUD,1
PLACE_01289,2020,USN_2025_044,COMP_003,Placed,42.00,SQL,1
PLACE_01290,2020,USN_2025_234,COMP_012,Placed,8.50,JAVA_BACKEND,1
PLACE_01291,2021,USN_2025_336,COMP_013,Placed,7.00,PYTHON,1
PLACE_01292,2022,USN_2025_274,COMP_005,Placed,32.00,SQL,1
PLACE_01293,2024,USN_2025_449,COMP_013,Placed,7.00,DATABRICKS_DE,1
PLACE_01294,2020,USN_2025_314,COMP_012,Placed,8.50,CPP,1
PLACE_01295,2025,USN_2025_295,COMP_011,Placed,9.00,REACT,1
PLACE_01296,2022,USN_2025_362,COMP_010,Placed,18.00,PYTHON,1
PLACE_01297,2024,USN_2025_142,COMP_007,Placed,26.00,PYTHON,1
PLACE_01298,2025,USN_2025_316,COMP_008,Placed,24.00,VECTOR_DATABASES,1
PLACE_01299,2023,USN_2025_179,COMP_002,Placed,45.00,LANGCHAIN,1
PLACE_01300,2022,USN_2025_447,COMP_004,Placed,38.00,PYTHON,1
PLACE_01301,2025,USN_2025_356,COMP_002,Placed,45.00,PYTHON,1
PLACE_01302,2022,USN_2025_076,COMP_007,Placed,26.00,GENAI_LLMS,1
PLACE_01303,2022,USN_2025_094,COMP_003,Placed,42.00,PYTHON,1
PLACE_01304,2023,USN_2025_062,COMP_004,Placed,38.00,AWS_CLOUD,1
PLACE_01305,2023,USN_2025_454,COMP_001,Placed,48.00,SQL,1
PLACE_01306,2022,USN_2025_456,COMP_007,Placed,26.00,GENAI_LLMS,1
PLACE_01307,2025,USN_2025_112,COMP_013,Placed,7.00,SQL,1
PLACE_01308,2021,USN_2025_247,COMP_013,Placed,7.00,CPP,1
PLACE_01309,2020,USN_2025_226,COMP_013,Placed,7.00,SQL,1
PLACE_01310,2023,USN_2025_285,COMP_013,Placed,7.00,SQL,1
PLACE_01311,2021,USN_2025_023,COMP_010,Placed,18.00,PYTHON,1
PLACE_01312,2023,USN_2025_290,COMP_005,Placed,32.00,AWS_CLOUD,1
PLACE_01313,2022,USN_2025_185,COMP_013,Placed,7.00,SQL,1
PLACE_01314,2021,USN_2025_136,COMP_010,Placed,18.00,AWS_CLOUD,1
PLACE_01315,2025,USN_2025_358,COMP_012,Placed,8.50,SQL,1
PLACE_01316,2025,USN_2025_237,COMP_013,Placed,7.00,DATABRICKS_DE,1
PLACE_01317,2024,USN_2025_136,COMP_013,Placed,7.00,SQL,1
PLACE_01318,2020,USN_2025_275,COMP_013,Placed,7.00,PYSPARK,1
PLACE_01319,2020,USN_2025_051,COMP_008,Placed,24.00,REACT,1
PLACE_01320,2023,USN_2025_232,COMP_005,Placed,32.00,CPP,1
PLACE_01321,2020,USN_2025_128,COMP_012,Placed,8.50,SQL,1
PLACE_01322,2024,USN_2025_377,COMP_005,Placed,32.00,SQL,1
PLACE_01323,2025,USN_2025_441,COMP_007,Placed,26.00,PYTHON,1
PLACE_01324,2021,USN_2025_278,,Not Placed,0.00,LANGCHAIN,1
PLACE_01325,2021,USN_2025_141,COMP_009,Placed,20.00,JAVA_BACKEND,1
PLACE_01326,2025,USN_2025_110,COMP_012,Placed,8.50,CPP,1
PLACE_01327,2022,USN_2025_458,COMP_012,Placed,8.50,SQL,1
PLACE_01328,2025,USN_2025_217,COMP_010,Placed,18.00,AWS_CLOUD,1
PLACE_01329,2021,USN_2025_383,COMP_013,Placed,7.00,SQL,1
PLACE_01330,2023,USN_2025_077,COMP_013,Placed,7.00,JAVA_BACKEND,1
PLACE_01331,2024,USN_2025_105,COMP_007,Placed,26.00,SQL,1
PLACE_01332,2025,USN_2025_332,COMP_011,Placed,9.00,SQL,1
PLACE_01333,2022,USN_2025_299,COMP_012,Placed,8.50,JAVA_BACKEND,1
PLACE_01334,2023,USN_2025_188,COMP_009,Placed,20.00,PYTHON,1
PLACE_01335,2025,USN_2025_171,COMP_006,Placed,28.00,SQL,1
PLACE_01336,2023,USN_2025_135,COMP_010,Placed,18.00,PYTHON,1
PLACE_01337,2025,USN_2025_121,COMP_004,Placed,38.00,AWS_CLOUD,1
PLACE_01338,2023,USN_2025_496,COMP_011,Placed,9.00,SQL,1
PLACE_01339,2020,USN_2025_394,COMP_002,Placed,45.00,DEEP_LEARNING,1
PLACE_01340,2023,USN_2025_016,COMP_003,Placed,42.00,PYTHON,1
PLACE_01341,2020,USN_2025_467,COMP_013,Placed,7.00,PYTHON,1
PLACE_01342,2021,USN_2025_141,COMP_007,Placed,26.00,GENAI_LLMS,1
PLACE_01343,2020,USN_2025_050,COMP_011,Placed,9.00,PYTHON,1
PLACE_01344,2023,USN_2025_444,COMP_013,Placed,7.00,PYSPARK,1
PLACE_01345,2024,USN_2025_049,COMP_011,Placed,9.00,MACHINE_LEARNING,1
PLACE_01346,2024,USN_2025_376,COMP_004,Placed,38.00,CPP,1
PLACE_01347,2021,USN_2025_465,COMP_012,Placed,8.50,PROMPT_ENGINEERING,1
PLACE_01348,2023,USN_2025_461,COMP_012,Placed,8.50,COMPUTER_VISION,1
PLACE_01349,2020,USN_2025_195,COMP_012,Placed,8.50,REACT,1
PLACE_01350,2024,USN_2025_368,COMP_011,Placed,9.00,PYTHON,1
PLACE_01351,2025,USN_2025_482,COMP_007,Placed,26.00,GENAI_LLMS,1
PLACE_01352,2022,USN_2025_229,COMP_011,Placed,9.00,REACT,1
PLACE_01353,2023,USN_2025_235,COMP_005,Placed,32.00,JAVA_BACKEND,1
PLACE_01354,2025,USN_2025_469,COMP_012,Placed,8.50,DEEP_LEARNING,1
PLACE_01355,2025,USN_2025_005,COMP_011,Placed,9.00,SQL,1
PLACE_01356,2023,USN_2025_297,COMP_011,Placed,9.00,MACHINE_LEARNING,1
PLACE_01357,2022,USN_2025_278,COMP_011,Placed,9.00,JAVA_BACKEND,1
PLACE_01358,2024,USN_2025_146,COMP_012,Placed,8.50,JAVA_BACKEND,1
PLACE_01359,2022,USN_2025_305,COMP_011,Placed,9.00,PYTHON,1
PLACE_01360,2021,USN_2025_444,COMP_012,Placed,8.50,MACHINE_LEARNING,1
PLACE_01361,2020,USN_2025_249,COMP_013,Placed,7.00,VECTOR_DATABASES,1
PLACE_01362,2020,USN_2025_285,COMP_013,Placed,7.00,SQL,1
PLACE_01363,2025,USN_2025_396,COMP_011,Placed,9.00,PYTHON,1
PLACE_01364,2024,USN_2025_245,COMP_007,Placed,26.00,JAVA_BACKEND,1
PLACE_01365,2022,USN_2025_335,COMP_009,Placed,20.00,SQL,1
PLACE_01366,2025,USN_2025_076,COMP_012,Placed,8.50,SQL,1
PLACE_01367,2023,USN_2025_265,COMP_005,Placed,32.00,JAVA_BACKEND,1
PLACE_01368,2025,USN_2025_352,COMP_011,Placed,9.00,MACHINE_LEARNING,1
PLACE_01369,2023,USN_2025_450,COMP_009,Placed,20.00,PYTHON,1
PLACE_01370,2023,USN_2025_396,COMP_005,Placed,32.00,SQL,1
PLACE_01371,2021,USN_2025_043,COMP_001,Placed,48.00,DATABRICKS_DE,1
PLACE_01372,2021,USN_2025_176,COMP_009,Placed,20.00,SQL,1
PLACE_01373,2023,USN_2025_500,COMP_013,Placed,7.00,MACHINE_LEARNING,1
PLACE_01374,2024,USN_2025_285,COMP_013,Placed,7.00,SQL,1
PLACE_01375,2021,USN_2025_097,COMP_004,Placed,38.00,VECTOR_DATABASES,1
PLACE_01376,2021,USN_2025_185,COMP_013,Placed,7.00,SQL,1
PLACE_01377,2020,USN_2025_239,COMP_001,Placed,48.00,SQL,1
PLACE_01378,2025,USN_2025_078,COMP_013,Placed,7.00,PYSPARK,1
PLACE_01379,2020,USN_2025_214,COMP_002,Placed,45.00,PYTHON,1
PLACE_01380,2024,USN_2025_075,COMP_008,Placed,24.00,PYTHON,1
PLACE_01381,2021,USN_2025_078,COMP_013,Placed,7.00,PYSPARK,1
PLACE_01382,2021,USN_2025_146,COMP_011,Placed,9.00,REACT,1
PLACE_01383,2022,USN_2025_083,COMP_010,Placed,18.00,AWS_CLOUD,1
PLACE_01384,2024,USN_2025_311,COMP_013,Placed,7.00,PYTHON,1
PLACE_01385,2025,USN_2025_239,COMP_008,Placed,24.00,REACT,1
PLACE_01386,2025,USN_2025_289,COMP_011,Placed,9.00,REACT,1
PLACE_01387,2025,USN_2025_167,COMP_008,Placed,24.00,REACT,1
PLACE_01388,2024,USN_2025_249,COMP_011,Placed,9.00,JAVA_BACKEND,1
PLACE_01389,2022,USN_2025_390,COMP_012,Placed,8.50,JAVA_BACKEND,1
PLACE_01390,2022,USN_2025_083,COMP_012,Placed,8.50,AWS_CLOUD,1
PLACE_01391,2020,USN_2025_380,COMP_005,Placed,32.00,AWS_CLOUD,1
PLACE_01392,2024,USN_2025_476,COMP_005,Placed,32.00,SQL,1
PLACE_01393,2024,USN_2025_262,COMP_010,Placed,18.00,PYTHON,1
PLACE_01394,2022,USN_2025_427,COMP_011,Placed,9.00,MACHINE_LEARNING,1
PLACE_01395,2023,USN_2025_231,COMP_001,Placed,48.00,VECTOR_DATABASES,1
PLACE_01396,2023,USN_2025_126,COMP_011,Placed,9.00,JAVA_BACKEND,1
PLACE_01397,2020,USN_2025_236,COMP_009,Placed,20.00,PYTHON,1
PLACE_01398,2023,USN_2025_239,COMP_003,Placed,42.00,SQL,1
PLACE_01399,2023,USN_2025_182,,Not Placed,0.00,MACHINE_LEARNING,1
PLACE_01400,2023,USN_2025_452,COMP_003,Placed,42.00,SQL,1
PLACE_01401,2021,USN_2025_416,COMP_013,Placed,7.00,SQL,1
PLACE_01402,2020,USN_2025_072,COMP_010,Placed,18.00,MACHINE_LEARNING,1
PLACE_01403,2022,USN_2025_299,COMP_012,Placed,8.50,JAVA_BACKEND,1
PLACE_01404,2023,USN_2025_219,COMP_005,Placed,32.00,AWS_CLOUD,1
PLACE_01405,2025,USN_2025_054,COMP_011,Placed,9.00,MACHINE_LEARNING,1
PLACE_01406,2021,USN_2025_278,COMP_012,Placed,8.50,AWS_CLOUD,1
PLACE_01407,2023,USN_2025_318,COMP_013,Placed,7.00,PYTHON,1
PLACE_01408,2021,USN_2025_067,COMP_013,Placed,7.00,SQL,1
PLACE_01409,2020,USN_2025_453,COMP_013,Placed,7.00,PYTHON,1
PLACE_01410,2025,USN_2025_420,COMP_003,Placed,42.00,CPP,1
PLACE_01411,2025,USN_2025_024,COMP_012,Placed,8.50,SQL,1
PLACE_01412,2025,USN_2025_161,COMP_004,Placed,38.00,JAVA_BACKEND,1
PLACE_01413,2023,USN_2025_415,COMP_005,Placed,32.00,AWS_CLOUD,1
PLACE_01414,2021,USN_2025_436,COMP_006,Placed,28.00,SQL,1
PLACE_01415,2025,USN_2025_222,COMP_002,Placed,45.00,PYTHON,1
PLACE_01416,2024,USN_2025_325,COMP_013,Placed,7.00,SQL,1
PLACE_01417,2024,USN_2025_219,COMP_009,Placed,20.00,JAVA_BACKEND,1
PLACE_01418,2021,USN_2025_102,COMP_008,Placed,24.00,CPP,1
PLACE_01419,2023,USN_2025_233,COMP_007,Placed,26.00,GENAI_LLMS,1
PLACE_01420,2023,USN_2025_139,COMP_009,Placed,20.00,JAVA_BACKEND,1
PLACE_01421,2020,USN_2025_086,COMP_013,Placed,7.00,SQL,1
PLACE_01422,2020,USN_2025_257,COMP_012,Placed,8.50,AWS_CLOUD,1
PLACE_01423,2025,USN_2025_055,COMP_013,Placed,7.00,SQL,1
PLACE_01424,2022,USN_2025_307,COMP_005,Placed,32.00,AWS_CLOUD,1
PLACE_01425,2020,USN_2025_068,COMP_005,Placed,32.00,JAVA_BACKEND,1
PLACE_01426,2023,USN_2025_192,COMP_012,Placed,8.50,AWS_CLOUD,1
PLACE_01427,2022,USN_2025_358,COMP_005,Placed,32.00,SQL,1
PLACE_01428,2020,USN_2025_469,COMP_013,Placed,7.00,MACHINE_LEARNING,1
PLACE_01429,2021,USN_2025_033,COMP_013,Placed,7.00,PYTHON,1
PLACE_01430,2024,USN_2025_455,COMP_011,Placed,9.00,MACHINE_LEARNING,1
PLACE_01431,2020,USN_2025_044,COMP_010,Placed,18.00,SQL,1
PLACE_01432,2020,USN_2025_359,COMP_012,Placed,8.50,COMPUTER_VISION,1
PLACE_01433,2021,USN_2025_233,COMP_008,Placed,24.00,JAVA_BACKEND,1
PLACE_01434,2023,USN_2025_126,COMP_011,Placed,9.00,CPP,1
PLACE_01435,2025,USN_2025_340,COMP_004,Placed,38.00,DEEP_LEARNING,1
PLACE_01436,2021,USN_2025_454,COMP_003,Placed,42.00,GENAI_LLMS,1
PLACE_01437,2025,USN_2025_056,COMP_001,Placed,48.00,PYSPARK,1
PLACE_01438,2020,USN_2025_282,COMP_008,Placed,24.00,AWS_CLOUD,1
PLACE_01439,2023,USN_2025_271,COMP_013,Placed,7.00,PYTHON,1
PLACE_01440,2022,USN_2025_133,COMP_010,Placed,18.00,PYTHON,1
PLACE_01441,2020,USN_2025_155,,Not Placed,0.00,PYSPARK,1
PLACE_01442,2021,USN_2025_035,COMP_013,Placed,7.00,GENAI_LLMS,1
PLACE_01443,2022,USN_2025_285,COMP_013,Placed,7.00,SQL,1
PLACE_01444,2024,USN_2025_420,COMP_003,Placed,42.00,SQL,1
PLACE_01445,2022,USN_2025_418,COMP_011,Placed,9.00,PYTHON,1
PLACE_01446,2021,USN_2025_086,COMP_013,Placed,7.00,PYTHON,1
PLACE_01447,2022,USN_2025_458,COMP_011,Placed,9.00,SQL,1
PLACE_01448,2021,USN_2025_333,COMP_011,Placed,9.00,PYTHON,1
PLACE_01449,2020,USN_2025_058,COMP_009,Placed,20.00,PYTHON,1
PLACE_01450,2023,USN_2025_369,COMP_013,Placed,7.00,PYTHON,1
PLACE_01451,2024,USN_2025_359,COMP_012,Placed,8.50,MACHINE_LEARNING,1
PLACE_01452,2023,USN_2025_353,,Not Placed,0.00,PYTHON,1
PLACE_01453,2023,USN_2025_226,COMP_013,Placed,7.00,SQL,1
PLACE_01454,2023,USN_2025_077,COMP_012,Placed,8.50,JAVA_BACKEND,1
PLACE_01455,2021,USN_2025_014,COMP_013,Placed,7.00,SQL,1
PLACE_01456,2021,USN_2025_364,COMP_013,Placed,7.00,SQL,1
PLACE_01457,2024,USN_2025_091,COMP_006,Placed,28.00,PYTHON,1
PLACE_01458,2021,USN_2025_012,COMP_010,Placed,18.00,AWS_CLOUD,1
PLACE_01459,2025,USN_2025_479,COMP_013,Placed,7.00,PYTHON,1
PLACE_01460,2021,USN_2025_170,COMP_001,Placed,48.00,VECTOR_DATABASES,1
PLACE_01461,2021,USN_2025_297,COMP_011,Placed,9.00,REACT,1
PLACE_01462,2021,USN_2025_183,COMP_007,Placed,26.00,CPP,1
PLACE_01463,2020,USN_2025_159,COMP_013,Placed,7.00,PYSPARK,1
PLACE_01464,2024,USN_2025_450,COMP_011,Placed,9.00,SQL,1
PLACE_01465,2025,USN_2025_205,COMP_011,Placed,9.00,SQL,1
PLACE_01466,2021,USN_2025_166,COMP_013,Placed,7.00,PYSPARK,1
PLACE_01467,2024,USN_2025_324,COMP_002,Placed,45.00,MACHINE_LEARNING,1
PLACE_01468,2022,USN_2025_391,,Not Placed,0.00,SQL,1
PLACE_01469,2020,USN_2025_208,COMP_012,Placed,8.50,JAVA_BACKEND,1
PLACE_01470,2021,USN_2025_215,COMP_005,Placed,32.00,SQL,1
PLACE_01471,2025,USN_2025_429,COMP_012,Placed,8.50,PYTHON,1
PLACE_01472,2020,USN_2025_233,COMP_005,Placed,32.00,SQL,1
PLACE_01473,2025,USN_2025_125,COMP_013,Placed,7.00,SQL,1
PLACE_01474,2020,USN_2025_383,COMP_013,Placed,7.00,SQL,1
PLACE_01475,2022,USN_2025_267,COMP_006,Placed,28.00,CPP,1
PLACE_01476,2024,USN_2025_387,COMP_013,Placed,7.00,PYTHON,1
PLACE_01477,2020,USN_2025_087,COMP_008,Placed,24.00,REACT,1
PLACE_01478,2023,USN_2025_068,COMP_003,Placed,42.00,PYTHON,1
PLACE_01479,2022,USN_2025_285,COMP_013,Placed,7.00,SQL,1
PLACE_01480,2023,USN_2025_073,COMP_001,Placed,48.00,SQL,1
PLACE_01481,2022,USN_2025_345,COMP_013,Placed,7.00,SQL,1
PLACE_01482,2023,USN_2025_372,COMP_012,Placed,8.50,AWS_CLOUD,1
PLACE_01483,2023,USN_2025_142,COMP_011,Placed,9.00,MACHINE_LEARNING,1
PLACE_01484,2025,USN_2025_223,COMP_004,Placed,38.00,CPP,1
PLACE_01485,2020,USN_2025_381,COMP_013,Placed,7.00,PYTHON,1
PLACE_01486,2020,USN_2025_009,COMP_001,Placed,48.00,VECTOR_DATABASES,1
PLACE_01487,2022,USN_2025_214,COMP_003,Placed,42.00,PYTHON,1
PLACE_01488,2024,USN_2025_375,COMP_004,Placed,38.00,PYTHON,1
PLACE_01489,2025,USN_2025_276,COMP_011,Placed,9.00,SQL,1
PLACE_01490,2020,USN_2025_483,COMP_012,Placed,8.50,NLP,1
PLACE_01491,2020,USN_2025_053,COMP_003,Placed,42.00,CPP,1
PLACE_01492,2025,USN_2025_289,,Not Placed,0.00,REACT,1
PLACE_01493,2021,USN_2025_167,COMP_010,Placed,18.00,PYTHON,1
PLACE_01494,2025,USN_2025_346,COMP_005,Placed,32.00,SQL,1
PLACE_01495,2020,USN_2025_180,COMP_012,Placed,8.50,JAVA_BACKEND,1
PLACE_01496,2024,USN_2025_215,COMP_009,Placed,20.00,SQL,1
PLACE_01497,2021,USN_2025_174,,Not Placed,0.00,LANGCHAIN,1
PLACE_01498,2023,USN_2025_143,COMP_008,Placed,24.00,JAVA_BACKEND,1
PLACE_01499,2025,USN_2025_356,COMP_009,Placed,20.00,JAVA_BACKEND,1
PLACE_01500,2023,USN_2025_133,COMP_012,Placed,8.50,SQL,1
PLACE_01501,2021,USN_2025_044,COMP_001,Placed,48.00,SQL,1
PLACE_01502,2021,USN_2025_156,,Not Placed,0.00,VECTOR_DATABASES,1
PLACE_01503,2021,USN_2025_426,COMP_013,Placed,7.00,PYTHON,1
PLACE_01504,2022,USN_2025_438,COMP_005,Placed,32.00,DEEP_LEARNING,1
PLACE_01505,2025,USN_2025_156,COMP_012,Placed,8.50,SQL,1
PLACE_01506,2024,USN_2025_010,COMP_004,Placed,38.00,CPP,1
PLACE_01507,2024,USN_2025_477,COMP_006,Placed,28.00,SQL,1
PLACE_01508,2023,USN_2025_046,COMP_013,Placed,7.00,PYTHON,1
PLACE_01509,2023,USN_2025_318,COMP_013,Placed,7.00,PYTHON,1
PLACE_01510,2023,USN_2025_440,COMP_007,Placed,26.00,COMPUTER_VISION,1
PLACE_01511,2025,USN_2025_065,COMP_002,Placed,45.00,PYTHON,1
PLACE_01512,2020,USN_2025_244,COMP_001,Placed,48.00,JAVA_BACKEND,1
PLACE_01513,2023,USN_2025_413,COMP_011,Placed,9.00,SQL,1
PLACE_01514,2021,USN_2025_400,COMP_013,Placed,7.00,SQL,1
PLACE_01515,2023,USN_2025_453,COMP_012,Placed,8.50,MACHINE_LEARNING,1
PLACE_01516,2021,USN_2025_240,,Not Placed,0.00,VECTOR_DATABASES,1
PLACE_01517,2022,USN_2025_466,COMP_013,Placed,7.00,SQL,1
PLACE_01518,2020,USN_2025_144,COMP_012,Placed,8.50,REACT,1
PLACE_01519,2020,USN_2025_465,COMP_013,Placed,7.00,PYTHON,1
PLACE_01520,2025,USN_2025_089,COMP_012,Placed,8.50,SQL,1
PLACE_01521,2025,USN_2025_412,COMP_012,Placed,8.50,JAVA_BACKEND,1
PLACE_01522,2024,USN_2025_113,COMP_013,Placed,7.00,REACT,1
PLACE_01523,2022,USN_2025_134,COMP_011,Placed,9.00,SQL,1
PLACE_01524,2025,USN_2025_140,COMP_003,Placed,42.00,PYTHON,1
PLACE_01525,2021,USN_2025_482,COMP_001,Placed,48.00,PYTHON,1
PLACE_01526,2022,USN_2025_343,COMP_013,Placed,7.00,SQL,1
PLACE_01527,2020,USN_2025_230,COMP_001,Placed,48.00,VECTOR_DATABASES,1
PLACE_01528,2021,USN_2025_495,COMP_002,Placed,45.00,DEEP_LEARNING,1
PLACE_01529,2022,USN_2025_282,COMP_007,Placed,26.00,CPP,1
PLACE_01530,2020,USN_2025_443,COMP_013,Placed,7.00,SQL,1
PLACE_01531,2025,USN_2025_431,COMP_007,Placed,26.00,PYTHON,1
PLACE_01532,2021,USN_2025_147,COMP_010,Placed,18.00,REACT,1
PLACE_01533,2021,USN_2025_141,COMP_009,Placed,20.00,JAVA_BACKEND,1
PLACE_01534,2020,USN_2025_326,COMP_010,Placed,18.00,PYTHON,1
PLACE_01535,2021,USN_2025_151,COMP_004,Placed,38.00,LANGCHAIN,1
PLACE_01536,2025,USN_2025_407,COMP_002,Placed,45.00,PYTHON,1
PLACE_01537,2025,USN_2025_385,COMP_009,Placed,20.00,SQL,1
PLACE_01538,2025,USN_2025_034,,Not Placed,0.00,REACT,1
PLACE_01539,2020,USN_2025_238,COMP_001,Placed,48.00,SQL,1
PLACE_01540,2023,USN_2025_466,COMP_002,Placed,45.00,MACHINE_LEARNING,1
PLACE_01541,2023,USN_2025_117,COMP_011,Placed,9.00,REACT,1
PLACE_01542,2021,USN_2025_138,COMP_012,Placed,8.50,SQL,1
PLACE_01543,2025,USN_2025_164,COMP_013,Placed,7.00,SQL,1
PLACE_01544,2021,USN_2025_284,,Not Placed,0.00,JAVA_BACKEND,1
PLACE_01545,2020,USN_2025_203,COMP_013,Placed,7.00,SQL,1
PLACE_01546,2021,USN_2025_332,COMP_010,Placed,18.00,PYTHON,1
PLACE_01547,2024,USN_2025_033,COMP_013,Placed,7.00,PYSPARK,1
PLACE_01548,2023,USN_2025_202,COMP_006,Placed,28.00,CPP,1
PLACE_01549,2021,USN_2025_411,COMP_009,Placed,20.00,SQL,1
PLACE_01550,2021,USN_2025_173,COMP_011,Placed,9.00,MACHINE_LEARNING,1
PLACE_01551,2022,USN_2025_289,COMP_012,Placed,8.50,SQL,1
PLACE_01552,2021,USN_2025_247,COMP_011,Placed,9.00,MACHINE_LEARNING,1
PLACE_01553,2024,USN_2025_143,COMP_004,Placed,38.00,LANGCHAIN,1
PLACE_01554,2023,USN_2025_246,COMP_005,Placed,32.00,JAVA_BACKEND,1
PLACE_01555,2022,USN_2025_021,COMP_011,Placed,9.00,REACT,1
PLACE_01556,2020,USN_2025_472,COMP_011,Placed,9.00,PYTHON,1
PLACE_01557,2020,USN_2025_006,COMP_012,Placed,8.50,AWS_CLOUD,1
PLACE_01558,2023,USN_2025_230,COMP_001,Placed,48.00,SQL,1
PLACE_01559,2020,USN_2025_295,,Not Placed,0.00,REACT,1
PLACE_01560,2024,USN_2025_059,COMP_009,Placed,20.00,PYTHON,1
PLACE_01561,2021,USN_2025_498,COMP_009,Placed,20.00,PYTHON,1
PLACE_01562,2023,USN_2025_067,COMP_012,Placed,8.50,SQL,1
PLACE_01563,2022,USN_2025_277,COMP_003,Placed,42.00,GENAI_LLMS,1
PLACE_01564,2021,USN_2025_284,,Not Placed,0.00,JAVA_BACKEND,1
PLACE_01565,2020,USN_2025_366,COMP_003,Placed,42.00,CPP,1
PLACE_01566,2020,USN_2025_084,COMP_005,Placed,32.00,SQL,1
PLACE_01567,2022,USN_2025_354,COMP_005,Placed,32.00,AWS_CLOUD,1
PLACE_01568,2024,USN_2025_340,COMP_004,Placed,38.00,DEEP_LEARNING,1
PLACE_01569,2022,USN_2025_168,,Not Placed,0.00,MACHINE_LEARNING,1
PLACE_01570,2023,USN_2025_353,COMP_013,Placed,7.00,SQL,1
PLACE_01571,2022,USN_2025_328,COMP_010,Placed,18.00,PYTHON,1
PLACE_01572,2020,USN_2025_004,COMP_012,Placed,8.50,AWS_CLOUD,1
PLACE_01573,2024,USN_2025_104,COMP_006,Placed,28.00,PYTHON,1
PLACE_01574,2024,USN_2025_013,COMP_013,Placed,7.00,PYTHON,1
PLACE_01575,2025,USN_2025_242,,Not Placed,0.00,LANGCHAIN,1
PLACE_01576,2022,USN_2025_165,COMP_013,Placed,7.00,PYTHON,1
PLACE_01577,2023,USN_2025_038,COMP_011,Placed,9.00,REACT,1
PLACE_01578,2020,USN_2025_226,COMP_012,Placed,8.50,AWS_CLOUD,1
PLACE_01579,2021,USN_2025_013,COMP_012,Placed,8.50,JAVA_BACKEND,1
PLACE_01580,2024,USN_2025_313,COMP_011,Placed,9.00,REACT,1
PLACE_01581,2022,USN_2025_182,COMP_008,Placed,24.00,REACT,1
PLACE_01582,2025,USN_2025_188,COMP_007,Placed,26.00,REACT,1
PLACE_01583,2023,USN_2025_131,COMP_011,Placed,9.00,SQL,1
PLACE_01584,2023,USN_2025_052,COMP_002,Placed,45.00,CPP,1
PLACE_01585,2020,USN_2025_264,COMP_010,Placed,18.00,PYTHON,1
PLACE_01586,2024,USN_2025_173,COMP_013,Placed,7.00,SQL,1
PLACE_01587,2020,USN_2025_495,COMP_002,Placed,45.00,DEEP_LEARNING,1
PLACE_01588,2025,USN_2025_046,,Not Placed,0.00,REACT,1
PLACE_01589,2021,USN_2025_093,COMP_011,Placed,9.00,REACT,1
PLACE_01590,2021,USN_2025_023,COMP_001,Placed,48.00,PYSPARK,1
PLACE_01591,2021,USN_2025_088,COMP_009,Placed,20.00,CPP,1
PLACE_01592,2023,USN_2025_268,COMP_009,Placed,20.00,JAVA_BACKEND,1
PLACE_01593,2024,USN_2025_202,COMP_007,Placed,26.00,CPP,1
PLACE_01594,2020,USN_2025_050,,Not Placed,0.00,PYTHON,1
PLACE_01595,2020,USN_2025_188,COMP_005,Placed,32.00,AWS_CLOUD,1
PLACE_01596,2025,USN_2025_110,COMP_011,Placed,9.00,PYTHON,1
PLACE_01597,2021,USN_2025_412,COMP_010,Placed,18.00,PYTHON,1
PLACE_01598,2024,USN_2025_124,COMP_005,Placed,32.00,JAVA_BACKEND,1
PLACE_01599,2024,USN_2025_432,COMP_009,Placed,20.00,SQL,1
PLACE_01600,2025,USN_2025_130,COMP_012,Placed,8.50,JAVA_BACKEND,1
PLACE_01601,2022,USN_2025_064,COMP_013,Placed,7.00,SQL,1
PLACE_01602,2024,USN_2025_202,COMP_006,Placed,28.00,CPP,1
PLACE_01603,2024,USN_2025_046,COMP_013,Placed,7.00,PYTHON,1
PLACE_01604,2020,USN_2025_385,COMP_011,Placed,9.00,SQL,1
PLACE_01605,2025,USN_2025_256,COMP_010,Placed,18.00,CPP,1
PLACE_01606,2024,USN_2025_326,COMP_012,Placed,8.50,SQL,1
PLACE_01607,2024,USN_2025_417,COMP_009,Placed,20.00,SQL,1
PLACE_01608,2020,USN_2025_043,COMP_009,Placed,20.00,JAVA_BACKEND,1
PLACE_01609,2024,USN_2025_391,,Not Placed,0.00,COMPUTER_VISION,1
PLACE_01610,2020,USN_2025_188,COMP_010,Placed,18.00,AWS_CLOUD,1
PLACE_01611,2022,USN_2025_441,COMP_005,Placed,32.00,SQL,1
PLACE_01612,2023,USN_2025_260,COMP_013,Placed,7.00,CPP,1
PLACE_01613,2020,USN_2025_061,COMP_011,Placed,9.00,REACT,1
PLACE_01614,2020,USN_2025_488,COMP_009,Placed,20.00,PYTHON,1
PLACE_01615,2024,USN_2025_162,COMP_005,Placed,32.00,SQL,1
PLACE_01616,2020,USN_2025_083,COMP_012,Placed,8.50,JAVA_BACKEND,1
PLACE_01617,2025,USN_2025_146,COMP_007,Placed,26.00,REACT,1
PLACE_01618,2021,USN_2025_229,COMP_012,Placed,8.50,SQL,1
PLACE_01619,2021,USN_2025_215,COMP_005,Placed,32.00,SQL,1
PLACE_01620,2022,USN_2025_312,COMP_009,Placed,20.00,PYTHON,1
PLACE_01621,2020,USN_2025_251,COMP_007,Placed,26.00,PYTHON,1
PLACE_01622,2025,USN_2025_493,COMP_002,Placed,45.00,MACHINE_LEARNING,1
PLACE_01623,2024,USN_2025_235,COMP_007,Placed,26.00,CPP,1
PLACE_01624,2024,USN_2025_496,COMP_012,Placed,8.50,SQL,1
PLACE_01625,2023,USN_2025_435,COMP_012,Placed,8.50,SQL,1
PLACE_01626,2022,USN_2025_141,COMP_008,Placed,24.00,JAVA_BACKEND,1
PLACE_01627,2025,USN_2025_456,COMP_009,Placed,20.00,PYTHON,1
PLACE_01628,2025,USN_2025_473,COMP_013,Placed,7.00,PYTHON,1
PLACE_01629,2024,USN_2025_439,COMP_002,Placed,45.00,PYTHON,1
PLACE_01630,2023,USN_2025_477,COMP_006,Placed,28.00,PYTHON,1
PLACE_01631,2024,USN_2025_347,COMP_013,Placed,7.00,PYTHON,1
PLACE_01632,2023,USN_2025_057,COMP_013,Placed,7.00,JAVA_BACKEND,1
PLACE_01633,2021,USN_2025_483,COMP_012,Placed,8.50,GENAI_LLMS,1
PLACE_01634,2025,USN_2025_269,COMP_011,Placed,9.00,REACT,1
PLACE_01635,2021,USN_2025_348,COMP_012,Placed,8.50,SQL,1
PLACE_01636,2024,USN_2025_054,,Not Placed,0.00,GENAI_LLMS,1
PLACE_01637,2022,USN_2025_270,COMP_011,Placed,9.00,REACT,1
PLACE_01638,2020,USN_2025_358,COMP_005,Placed,32.00,SQL,1
PLACE_01639,2022,USN_2025_448,COMP_012,Placed,8.50,VECTOR_DATABASES,1
PLACE_01640,2022,USN_2025_018,COMP_013,Placed,7.00,PYTHON,1
PLACE_01641,2020,USN_2025_039,COMP_008,Placed,24.00,JAVA_BACKEND,1
PLACE_01642,2025,USN_2025_460,COMP_005,Placed,32.00,PYTHON,1
PLACE_01643,2021,USN_2025_264,COMP_010,Placed,18.00,PYTHON,1
PLACE_01644,2021,USN_2025_238,COMP_002,Placed,45.00,CPP,1
PLACE_01645,2025,USN_2025_004,COMP_010,Placed,18.00,AWS_CLOUD,1
PLACE_01646,2020,USN_2025_173,COMP_012,Placed,8.50,SQL,1
PLACE_01647,2023,USN_2025_056,COMP_005,Placed,32.00,JAVA_BACKEND,1
PLACE_01648,2022,USN_2025_084,COMP_005,Placed,32.00,SQL,1
PLACE_01649,2024,USN_2025_209,COMP_010,Placed,18.00,PYTHON,1
PLACE_01650,2021,USN_2025_244,COMP_001,Placed,48.00,JAVA_BACKEND,1
PLACE_01651,2025,USN_2025_393,COMP_005,Placed,32.00,AWS_CLOUD,1
PLACE_01652,2024,USN_2025_203,COMP_010,Placed,18.00,SQL,1
PLACE_01653,2020,USN_2025_373,COMP_010,Placed,18.00,PYTHON,1
PLACE_01654,2024,USN_2025_415,COMP_013,Placed,7.00,PYTHON,1
PLACE_01655,2024,USN_2025_176,COMP_009,Placed,20.00,PYTHON,1
PLACE_01656,2022,USN_2025_041,COMP_012,Placed,8.50,AWS_CLOUD,1
PLACE_01657,2020,USN_2025_337,COMP_011,Placed,9.00,SQL,1
PLACE_01658,2024,USN_2025_234,COMP_012,Placed,8.50,JAVA_BACKEND,1
PLACE_01659,2021,USN_2025_024,COMP_011,Placed,9.00,SQL,1
PLACE_01660,2020,USN_2025_233,COMP_009,Placed,20.00,JAVA_BACKEND,1
PLACE_01661,2021,USN_2025_225,COMP_010,Placed,18.00,SQL,1
PLACE_01662,2025,USN_2025_259,COMP_012,Placed,8.50,JAVA_BACKEND,1
PLACE_01663,2025,USN_2025_342,COMP_009,Placed,20.00,SQL,1
PLACE_01664,2023,USN_2025_197,COMP_013,Placed,7.00,PYTHON,1
PLACE_01665,2025,USN_2025_284,COMP_011,Placed,9.00,PYTHON,1
PLACE_01666,2024,USN_2025_136,COMP_012,Placed,8.50,AWS_CLOUD,1
PLACE_01667,2020,USN_2025_208,COMP_011,Placed,9.00,MACHINE_LEARNING,1
PLACE_01668,2025,USN_2025_414,COMP_013,Placed,7.00,SQL,1
PLACE_01669,2021,USN_2025_447,COMP_003,Placed,42.00,PYTHON,1
PLACE_01670,2024,USN_2025_084,COMP_006,Placed,28.00,SQL,1
PLACE_01671,2025,USN_2025_420,COMP_005,Placed,32.00,AWS_CLOUD,1
PLACE_01672,2022,USN_2025_311,COMP_013,Placed,7.00,PYTHON,1
PLACE_01673,2021,USN_2025_079,COMP_005,Placed,32.00,SQL,1
PLACE_01674,2021,USN_2025_095,COMP_002,Placed,45.00,PYTHON,1
PLACE_01675,2023,USN_2025_142,COMP_012,Placed,8.50,MACHINE_LEARNING,1
PLACE_01676,2022,USN_2025_015,COMP_010,Placed,18.00,MACHINE_LEARNING,1
PLACE_01677,2023,USN_2025_009,COMP_001,Placed,48.00,SQL,1
PLACE_01678,2025,USN_2025_057,COMP_012,Placed,8.50,JAVA_BACKEND,1
PLACE_01679,2022,USN_2025_392,COMP_013,Placed,7.00,PYTHON,1
PLACE_01680,2021,USN_2025_451,COMP_007,Placed,26.00,PYTHON,1
PLACE_01681,2023,USN_2025_051,COMP_009,Placed,20.00,PYTHON,1
PLACE_01682,2024,USN_2025_017,COMP_005,Placed,32.00,AWS_CLOUD,1
PLACE_01683,2022,USN_2025_340,COMP_002,Placed,45.00,DEEP_LEARNING,1
PLACE_01684,2021,USN_2025_012,COMP_004,Placed,38.00,GENAI_LLMS,1
PLACE_01685,2020,USN_2025_054,COMP_011,Placed,9.00,MACHINE_LEARNING,1
PLACE_01686,2022,USN_2025_097,COMP_010,Placed,18.00,JAVA_BACKEND,1
PLACE_01687,2022,USN_2025_131,COMP_012,Placed,8.50,SQL,1
PLACE_01688,2025,USN_2025_150,COMP_003,Placed,42.00,PYTHON,1
PLACE_01689,2024,USN_2025_464,COMP_003,Placed,42.00,SQL,1
PLACE_01690,2025,USN_2025_473,COMP_006,Placed,28.00,PYTHON,1
PLACE_01691,2022,USN_2025_327,COMP_010,Placed,18.00,PYTHON,1
PLACE_01692,2022,USN_2025_483,COMP_013,Placed,7.00,PYSPARK,1
PLACE_01693,2024,USN_2025_479,COMP_013,Placed,7.00,PYTHON,1
PLACE_01694,2024,USN_2025_377,COMP_005,Placed,32.00,SQL,1
PLACE_01695,2023,USN_2025_002,COMP_010,Placed,18.00,AWS_CLOUD,1
PLACE_01696,2021,USN_2025_357,COMP_010,Placed,18.00,PYTHON,1
PLACE_01697,2021,USN_2025_361,COMP_004,Placed,38.00,COMPUTER_VISION,1
PLACE_01698,2023,USN_2025_031,COMP_003,Placed,42.00,GENAI_LLMS,1
PLACE_01699,2021,USN_2025_400,COMP_002,Placed,45.00,DEEP_LEARNING,1
PLACE_01700,2022,USN_2025_274,COMP_009,Placed,20.00,JAVA_BACKEND,1
PLACE_01701,2023,USN_2025_433,COMP_012,Placed,8.50,SQL,1
PLACE_01702,2023,USN_2025_054,COMP_011,Placed,9.00,MACHINE_LEARNING,1
PLACE_01703,2021,USN_2025_467,COMP_004,Placed,38.00,PYTHON,1
PLACE_01704,2020,USN_2025_344,COMP_013,Placed,7.00,PYTHON,1
PLACE_01705,2021,USN_2025_261,COMP_013,Placed,7.00,PYSPARK,1
PLACE_01706,2025,USN_2025_420,COMP_002,Placed,45.00,CPP,1
PLACE_01707,2020,USN_2025_132,COMP_011,Placed,9.00,PYTHON,1
PLACE_01708,2023,USN_2025_487,COMP_007,Placed,26.00,PYTHON,1
PLACE_01709,2020,USN_2025_209,COMP_013,Placed,7.00,PYTHON,1
PLACE_01710,2022,USN_2025_179,COMP_010,Placed,18.00,LANGCHAIN,1
PLACE_01711,2024,USN_2025_300,COMP_012,Placed,8.50,SQL,1
PLACE_01712,2020,USN_2025_251,COMP_005,Placed,32.00,JAVA_BACKEND,1
PLACE_01713,2025,USN_2025_449,COMP_011,Placed,9.00,MACHINE_LEARNING,1
PLACE_01714,2024,USN_2025_078,COMP_013,Placed,7.00,SQL,1
PLACE_01715,2022,USN_2025_376,COMP_002,Placed,45.00,PYTHON,1
PLACE_01716,2025,USN_2025_293,COMP_013,Placed,7.00,JAVA_BACKEND,1
PLACE_01717,2024,USN_2025_083,COMP_011,Placed,9.00,MACHINE_LEARNING,1
PLACE_01718,2022,USN_2025_364,COMP_010,Placed,18.00,AWS_CLOUD,1
PLACE_01719,2024,USN_2025_004,COMP_012,Placed,8.50,AWS_CLOUD,1
PLACE_01720,2024,USN_2025_167,COMP_005,Placed,32.00,MACHINE_LEARNING,1
PLACE_01721,2021,USN_2025_014,COMP_012,Placed,8.50,SQL,1
PLACE_01722,2025,USN_2025_283,,Not Placed,0.00,PYTHON,1
PLACE_01723,2025,USN_2025_144,COMP_012,Placed,8.50,PYTHON,1
PLACE_01724,2020,USN_2025_221,COMP_010,Placed,18.00,VECTOR_DATABASES,1
PLACE_01725,2025,USN_2025_380,COMP_005,Placed,32.00,JAVA_BACKEND,1
PLACE_01726,2025,USN_2025_017,COMP_004,Placed,38.00,PYTHON,1
PLACE_01727,2024,USN_2025_319,COMP_011,Placed,9.00,REACT,1
PLACE_01728,2023,USN_2025_211,COMP_009,Placed,20.00,SQL,1
PLACE_01729,2021,USN_2025_133,COMP_011,Placed,9.00,PYTHON,1
PLACE_01730,2020,USN_2025_095,COMP_001,Placed,48.00,PYTHON,1
PLACE_01731,2021,USN_2025_475,COMP_005,Placed,32.00,SQL,1
PLACE_01732,2020,USN_2025_164,COMP_010,Placed,18.00,AWS_CLOUD,1
PLACE_01733,2022,USN_2025_253,COMP_011,Placed,9.00,SQL,1
PLACE_01734,2024,USN_2025_466,COMP_002,Placed,45.00,MACHINE_LEARNING,1
PLACE_01735,2025,USN_2025_050,COMP_012,Placed,8.50,AWS_CLOUD,1
PLACE_01736,2025,USN_2025_500,COMP_011,Placed,9.00,MACHINE_LEARNING,1
PLACE_01737,2023,USN_2025_156,,Not Placed,0.00,DATABRICKS_DE,1
PLACE_01738,2021,USN_2025_023,COMP_007,Placed,26.00,PYTHON,1
PLACE_01739,2021,USN_2025_321,COMP_005,Placed,32.00,AWS_CLOUD,1
PLACE_01740,2021,USN_2025_356,COMP_004,Placed,38.00,CPP,1
PLACE_01741,2025,USN_2025_357,COMP_013,Placed,7.00,PYTHON,1
PLACE_01742,2021,USN_2025_291,COMP_013,Placed,7.00,SQL,1
PLACE_01743,2024,USN_2025_123,COMP_011,Placed,9.00,PYTHON,1
PLACE_01744,2020,USN_2025_145,COMP_012,Placed,8.50,JAVA_BACKEND,1
PLACE_01745,2025,USN_2025_105,COMP_008,Placed,24.00,JAVA_BACKEND,1
PLACE_01746,2024,USN_2025_226,COMP_012,Placed,8.50,JAVA_BACKEND,1
PLACE_01747,2022,USN_2025_333,COMP_011,Placed,9.00,PYTHON,1
PLACE_01748,2024,USN_2025_114,COMP_011,Placed,9.00,SQL,1
PLACE_01749,2024,USN_2025_166,COMP_013,Placed,7.00,PYSPARK,1
PLACE_01750,2022,USN_2025_245,COMP_005,Placed,32.00,SQL,1
PLACE_01751,2024,USN_2025_417,COMP_012,Placed,8.50,AWS_CLOUD,1
PLACE_01752,2020,USN_2025_310,COMP_010,Placed,18.00,AWS_CLOUD,1
PLACE_01753,2025,USN_2025_220,COMP_008,Placed,24.00,AWS_CLOUD,1
PLACE_01754,2023,USN_2025_431,COMP_005,Placed,32.00,DATABRICKS_DE,1
PLACE_01755,2022,USN_2025_405,COMP_005,Placed,32.00,SQL,1
PLACE_01756,2025,USN_2025_380,COMP_010,Placed,18.00,AWS_CLOUD,1
PLACE_01757,2021,USN_2025_098,COMP_006,Placed,28.00,SQL,1
PLACE_01758,2020,USN_2025_493,COMP_009,Placed,20.00,SQL,1
PLACE_01759,2023,USN_2025_328,COMP_011,Placed,9.00,PYTHON,1
PLACE_01760,2020,USN_2025_006,COMP_013,Placed,7.00,PYSPARK,1
PLACE_01761,2020,USN_2025_401,COMP_012,Placed,8.50,SQL,1
PLACE_01762,2021,USN_2025_061,COMP_011,Placed,9.00,REACT,1
PLACE_01763,2023,USN_2025_191,COMP_007,Placed,26.00,REACT,1
PLACE_01764,2020,USN_2025_398,COMP_005,Placed,32.00,AWS_CLOUD,1
PLACE_01765,2021,USN_2025_341,,Not Placed,0.00,PYTHON,1
PLACE_01766,2022,USN_2025_426,COMP_009,Placed,20.00,PYTHON,1
PLACE_01767,2021,USN_2025_323,COMP_013,Placed,7.00,PYTHON,1
PLACE_01768,2024,USN_2025_228,COMP_011,Placed,9.00,REACT,1
PLACE_01769,2025,USN_2025_031,COMP_005,Placed,32.00,SQL,1
PLACE_01770,2021,USN_2025_031,COMP_005,Placed,32.00,SQL,1
PLACE_01771,2021,USN_2025_303,COMP_010,Placed,18.00,AWS_CLOUD,1
PLACE_01772,2021,USN_2025_225,COMP_011,Placed,9.00,MACHINE_LEARNING,1
PLACE_01773,2020,USN_2025_189,COMP_011,Placed,9.00,REACT,1
PLACE_01774,2023,USN_2025_409,,Not Placed,0.00,CPP,1
PLACE_01775,2021,USN_2025_014,,Not Placed,0.00,GENAI_LLMS,1
PLACE_01776,2021,USN_2025_230,COMP_005,Placed,32.00,AWS_CLOUD,1
PLACE_01777,2024,USN_2025_104,COMP_010,Placed,18.00,PYTHON,1
PLACE_01778,2024,USN_2025_466,COMP_004,Placed,38.00,GENAI_LLMS,1
PLACE_01779,2022,USN_2025_131,COMP_011,Placed,9.00,PYTHON,1
PLACE_01780,2022,USN_2025_239,COMP_003,Placed,42.00,SQL,1
PLACE_01781,2024,USN_2025_228,,Not Placed,0.00,REACT,1
PLACE_01782,2023,USN_2025_290,COMP_010,Placed,18.00,AWS_CLOUD,1
PLACE_01783,2022,USN_2025_070,COMP_005,Placed,32.00,JAVA_BACKEND,1
PLACE_01784,2025,USN_2025_361,COMP_003,Placed,42.00,SQL,1
PLACE_01785,2025,USN_2025_089,COMP_009,Placed,20.00,SQL,1
PLACE_01786,2023,USN_2025_339,COMP_004,Placed,38.00,DEEP_LEARNING,1
PLACE_01787,2024,USN_2025_338,COMP_009,Placed,20.00,PYTHON,1
PLACE_01788,2022,USN_2025_001,COMP_005,Placed,32.00,SQL,1
PLACE_01789,2021,USN_2025_381,COMP_013,Placed,7.00,PYTHON,1
PLACE_01790,2024,USN_2025_050,COMP_010,Placed,18.00,PYTHON,1
PLACE_01791,2022,USN_2025_200,COMP_013,Placed,7.00,PYTHON,1
PLACE_01792,2023,USN_2025_061,COMP_012,Placed,8.50,JAVA_BACKEND,1
PLACE_01793,2025,USN_2025_354,COMP_005,Placed,32.00,AWS_CLOUD,1
PLACE_01794,2023,USN_2025_371,COMP_004,Placed,38.00,CPP,1
PLACE_01795,2022,USN_2025_048,COMP_008,Placed,24.00,GENAI_LLMS,1
PLACE_01796,2023,USN_2025_384,COMP_011,Placed,9.00,PYTHON,1
PLACE_01797,2022,USN_2025_021,COMP_012,Placed,8.50,AWS_CLOUD,1
PLACE_01798,2022,USN_2025_187,COMP_013,Placed,7.00,PYSPARK,1
PLACE_01799,2023,USN_2025_080,COMP_010,Placed,18.00,PYTHON,1
PLACE_01800,2020,USN_2025_402,,Not Placed,0.00,AWS_CLOUD,1
PLACE_01801,2021,USN_2025_466,COMP_002,Placed,45.00,MACHINE_LEARNING,1
PLACE_01802,2024,USN_2025_159,COMP_012,Placed,8.50,SQL,1
PLACE_01803,2025,USN_2025_220,COMP_007,Placed,26.00,PYTHON,1
PLACE_01804,2021,USN_2025_187,COMP_003,Placed,42.00,CPP,1
PLACE_01805,2024,USN_2025_300,COMP_012,Placed,8.50,SQL,1
PLACE_01806,2024,USN_2025_119,COMP_006,Placed,28.00,CPP,1
PLACE_01807,2025,USN_2025_030,COMP_012,Placed,8.50,PYSPARK,1
PLACE_01808,2021,USN_2025_051,COMP_007,Placed,26.00,PYTHON,1
PLACE_01809,2025,USN_2025_419,COMP_013,Placed,7.00,PYTHON,1
PLACE_01810,2022,USN_2025_089,COMP_010,Placed,18.00,AWS_CLOUD,1
PLACE_01811,2025,USN_2025_365,COMP_010,Placed,18.00,PYTHON,0
PLACE_01812,2023,USN_2025_240,,Not Placed,0.00,SQL,1
PLACE_01813,2020,USN_2025_113,COMP_013,Placed,7.00,DATABRICKS_DE,1
PLACE_01814,2020,USN_2025_184,COMP_012,Placed,8.50,AWS_CLOUD,1
PLACE_01815,2020,USN_2025_233,COMP_011,Placed,9.00,SQL,1
PLACE_01816,2021,USN_2025_226,COMP_012,Placed,8.50,JAVA_BACKEND,1
PLACE_01817,2021,USN_2025_408,COMP_003,Placed,42.00,PYTHON,1
PLACE_01818,2022,USN_2025_351,COMP_012,Placed,8.50,JAVA_BACKEND,1
PLACE_01819,2020,USN_2025_472,COMP_013,Placed,7.00,PYTHON,1
PLACE_01820,2022,USN_2025_418,COMP_013,Placed,7.00,PYTHON,1
PLACE_01821,2020,USN_2025_463,COMP_005,Placed,32.00,SQL,1
PLACE_01822,2021,USN_2025_064,COMP_003,Placed,42.00,SQL,1
PLACE_01823,2023,USN_2025_011,COMP_013,Placed,7.00,PYTHON,1
PLACE_01824,2023,USN_2025_147,COMP_013,Placed,7.00,PYSPARK,1
PLACE_01825,2023,USN_2025_012,COMP_003,Placed,42.00,AWS_CLOUD,1
PLACE_01826,2025,USN_2025_261,COMP_010,Placed,18.00,REACT,1
PLACE_01827,2023,USN_2025_366,COMP_003,Placed,42.00,AWS_CLOUD,1
PLACE_01828,2024,USN_2025_346,COMP_011,Placed,9.00,SQL,1
PLACE_01829,2020,USN_2025_194,COMP_013,Placed,7.00,PYSPARK,1
PLACE_01830,2023,USN_2025_218,COMP_005,Placed,32.00,PYTHON,1
PLACE_01831,2024,USN_2025_072,COMP_010,Placed,18.00,REACT,1
PLACE_01832,2024,USN_2025_220,COMP_008,Placed,24.00,AWS_CLOUD,1
PLACE_01833,2024,USN_2025_228,,Not Placed,0.00,REACT,1
PLACE_01834,2022,USN_2025_073,COMP_003,Placed,42.00,GENAI_LLMS,1
PLACE_01835,2022,USN_2025_204,COMP_011,Placed,9.00,REACT,1
PLACE_01836,2024,USN_2025_037,COMP_011,Placed,9.00,JAVA_BACKEND,1
PLACE_01837,2025,USN_2025_303,COMP_010,Placed,18.00,PYTHON,1
PLACE_01838,2023,USN_2025_393,COMP_013,Placed,7.00,PYTHON,1
PLACE_01839,2020,USN_2025_480,,Not Placed,0.00,NLP,1
PLACE_01840,2025,USN_2025_481,COMP_001,Placed,48.00,PYTHON,1
PLACE_01841,2021,USN_2025_430,COMP_013,Placed,7.00,SQL,1
PLACE_01842,2022,USN_2025_391,COMP_011,Placed,9.00,PYTHON,1
PLACE_01843,2023,USN_2025_303,COMP_013,Placed,7.00,PYTHON,1
PLACE_01844,2023,USN_2025_035,COMP_011,Placed,9.00,JAVA_BACKEND,1
PLACE_01845,2021,USN_2025_124,COMP_008,Placed,24.00,JAVA_BACKEND,1
PLACE_01846,2021,USN_2025_096,COMP_013,Placed,7.00,PYTHON,1
PLACE_01847,2023,USN_2025_343,COMP_013,Placed,7.00,SQL,1
PLACE_01848,2021,USN_2025_478,COMP_009,Placed,20.00,SQL,1
PLACE_01849,2023,USN_2025_326,COMP_010,Placed,18.00,PYTHON,1
PLACE_01850,2025,USN_2025_024,COMP_013,Placed,7.00,SQL,1
PLACE_01851,2021,USN_2025_226,COMP_012,Placed,8.50,AWS_CLOUD,1
PLACE_01852,2025,USN_2025_002,COMP_013,Placed,7.00,LANGCHAIN,1
PLACE_01853,2025,USN_2025_497,COMP_006,Placed,28.00,MACHINE_LEARNING,1
PLACE_01854,2021,USN_2025_201,COMP_011,Placed,9.00,REACT,1
PLACE_01855,2023,USN_2025_410,COMP_013,Placed,7.00,PYTHON,1
PLACE_01856,2024,USN_2025_074,COMP_003,Placed,42.00,SQL,1
PLACE_01857,2023,USN_2025_005,COMP_013,Placed,7.00,PYSPARK,1
PLACE_01858,2020,USN_2025_436,COMP_011,Placed,9.00,SQL,1
PLACE_01859,2021,USN_2025_045,COMP_006,Placed,28.00,PYTHON,1
PLACE_01860,2022,USN_2025_214,COMP_005,Placed,32.00,REACT,1
PLACE_01861,2021,USN_2025_401,COMP_005,Placed,32.00,SQL,1
PLACE_01862,2020,USN_2025_040,COMP_012,Placed,8.50,MACHINE_LEARNING,1
PLACE_01863,2025,USN_2025_457,COMP_004,Placed,38.00,PYTHON,1
PLACE_01864,2022,USN_2025_017,COMP_004,Placed,38.00,PYTHON,1
PLACE_01865,2022,USN_2025_035,COMP_012,Placed,8.50,JAVA_BACKEND,1
PLACE_01866,2023,USN_2025_104,COMP_010,Placed,18.00,PYTHON,1
PLACE_01867,2024,USN_2025_290,COMP_012,Placed,8.50,SQL,1
PLACE_01868,2023,USN_2025_319,COMP_003,Placed,42.00,SQL,1
PLACE_01869,2022,USN_2025_376,COMP_010,Placed,18.00,AWS_CLOUD,1
PLACE_01870,2022,USN_2025_365,COMP_013,Placed,7.00,PYTHON,0
PLACE_01871,2024,USN_2025_483,COMP_012,Placed,8.50,MACHINE_LEARNING,1
PLACE_01872,2021,USN_2025_168,COMP_013,Placed,7.00,PYSPARK,1
PLACE_01873,2024,USN_2025_331,COMP_012,Placed,8.50,SQL,1
PLACE_01874,2025,USN_2025_034,COMP_013,Placed,7.00,SQL,1
PLACE_01875,2023,USN_2025_316,COMP_010,Placed,18.00,PYSPARK,1
PLACE_01876,2021,USN_2025_106,COMP_007,Placed,26.00,SQL,1
PLACE_01877,2023,USN_2025_226,COMP_013,Placed,7.00,SQL,1
PLACE_01878,2024,USN_2025_125,COMP_013,Placed,7.00,PYSPARK,1
PLACE_01879,2021,USN_2025_381,COMP_013,Placed,7.00,PYTHON,1
PLACE_01880,2024,USN_2025_304,COMP_013,Placed,7.00,PYTHON,1
PLACE_01881,2025,USN_2025_057,COMP_013,Placed,7.00,JAVA_BACKEND,1
PLACE_01882,2020,USN_2025_339,COMP_002,Placed,45.00,PYTHON,1
PLACE_01883,2022,USN_2025_472,COMP_013,Placed,7.00,PYTHON,1
PLACE_01884,2021,USN_2025_050,COMP_013,Placed,7.00,PYTHON,1
PLACE_01885,2022,USN_2025_410,COMP_013,Placed,7.00,PYTHON,1
PLACE_01886,2020,USN_2025_136,COMP_010,Placed,18.00,AWS_CLOUD,1
PLACE_01887,2021,USN_2025_055,COMP_013,Placed,7.00,SQL,1
PLACE_01888,2022,USN_2025_149,COMP_001,Placed,48.00,SQL,1
PLACE_01889,2022,USN_2025_410,COMP_013,Placed,7.00,PYTHON,1
PLACE_01890,2021,USN_2025_447,COMP_004,Placed,38.00,COMPUTER_VISION,1
PLACE_01891,2022,USN_2025_464,COMP_004,Placed,38.00,COMPUTER_VISION,1
PLACE_01892,2022,USN_2025_470,COMP_005,Placed,32.00,SQL,1
PLACE_01893,2021,USN_2025_216,COMP_006,Placed,28.00,SQL,1
PLACE_01894,2022,USN_2025_337,COMP_012,Placed,8.50,SQL,1
PLACE_01895,2022,USN_2025_458,COMP_011,Placed,9.00,PYTHON,1
PLACE_01896,2023,USN_2025_480,COMP_012,Placed,8.50,COMPUTER_VISION,1
PLACE_01897,2025,USN_2025_350,,Not Placed,0.00,DEEP_LEARNING,1
PLACE_01898,2023,USN_2025_426,COMP_005,Placed,32.00,SQL,1
PLACE_01899,2020,USN_2025_358,COMP_005,Placed,32.00,SQL,1
PLACE_01900,2023,USN_2025_012,COMP_006,Placed,28.00,SQL,1
PLACE_01901,2023,USN_2025_171,COMP_008,Placed,24.00,AWS_CLOUD,1
PLACE_01902,2020,USN_2025_226,COMP_011,Placed,9.00,SQL,1
PLACE_01903,2022,USN_2025_161,COMP_008,Placed,24.00,REACT,1
PLACE_01904,2022,USN_2025_225,COMP_009,Placed,20.00,SQL,1
PLACE_01905,2023,USN_2025_414,COMP_012,Placed,8.50,SQL,1
PLACE_01906,2020,USN_2025_041,COMP_013,Placed,7.00,CPP,1
PLACE_01907,2022,USN_2025_474,COMP_007,Placed,26.00,GENAI_LLMS,1
PLACE_01908,2024,USN_2025_059,COMP_012,Placed,8.50,SQL,1
PLACE_01909,2021,USN_2025_324,COMP_005,Placed,32.00,JAVA_BACKEND,1
PLACE_01910,2021,USN_2025_329,COMP_013,Placed,7.00,SQL,1
PLACE_01911,2025,USN_2025_042,COMP_006,Placed,28.00,PYTHON,1
PLACE_01912,2021,USN_2025_413,COMP_009,Placed,20.00,SQL,1
PLACE_01913,2023,USN_2025_350,,Not Placed,0.00,DEEP_LEARNING,1
PLACE_01914,2021,USN_2025_055,,Not Placed,0.00,LANGCHAIN,1
PLACE_01915,2021,USN_2025_174,COMP_013,Placed,7.00,PYTHON,1
PLACE_01916,2024,USN_2025_060,COMP_011,Placed,9.00,PYTHON,1
PLACE_01917,2022,USN_2025_232,COMP_004,Placed,38.00,CPP,1
PLACE_01918,2024,USN_2025_145,COMP_012,Placed,8.50,JAVA_BACKEND,1
PLACE_01919,2023,USN_2025_013,COMP_012,Placed,8.50,JAVA_BACKEND,1
PLACE_01920,2021,USN_2025_269,COMP_007,Placed,26.00,CPP,1
PLACE_01921,2022,USN_2025_295,COMP_013,Placed,7.00,CPP,1
PLACE_01922,2025,USN_2025_399,COMP_012,Placed,8.50,PYTHON,1
PLACE_01923,2025,USN_2025_436,COMP_007,Placed,26.00,DEEP_LEARNING,1
PLACE_01924,2021,USN_2025_302,COMP_012,Placed,8.50,JAVA_BACKEND,1
PLACE_01925,2021,USN_2025_171,COMP_007,Placed,26.00,CPP,1
PLACE_01926,2025,USN_2025_335,COMP_003,Placed,42.00,CPP,1
PLACE_01927,2025,USN_2025_024,COMP_013,Placed,7.00,SQL,1
PLACE_01928,2023,USN_2025_406,COMP_012,Placed,8.50,SQL,1
PLACE_01929,2021,USN_2025_165,COMP_013,Placed,7.00,PYTHON,1
PLACE_01930,2025,USN_2025_202,COMP_006,Placed,28.00,CPP,1
PLACE_01931,2020,USN_2025_156,,Not Placed,0.00,AWS_CLOUD,1
PLACE_01932,2025,USN_2025_188,COMP_012,Placed,8.50,AWS_CLOUD,1
PLACE_01933,2022,USN_2025_480,COMP_004,Placed,38.00,DEEP_LEARNING,1
PLACE_01934,2022,USN_2025_271,COMP_013,Placed,7.00,PYTHON,1
PLACE_01935,2020,USN_2025_299,,Not Placed,0.00,REACT,1
PLACE_01936,2023,USN_2025_116,COMP_010,Placed,18.00,LANGCHAIN,1
PLACE_01937,2021,USN_2025_051,COMP_011,Placed,9.00,PYTHON,1
PLACE_01938,2021,USN_2025_028,COMP_003,Placed,42.00,PYTHON,1
PLACE_01939,2025,USN_2025_456,COMP_005,Placed,32.00,GENAI_LLMS,1
PLACE_01940,2022,USN_2025_304,COMP_013,Placed,7.00,PYTHON,1
PLACE_01941,2023,USN_2025_232,COMP_008,Placed,24.00,REACT,1
PLACE_01942,2023,USN_2025_390,COMP_005,Placed,32.00,JAVA_BACKEND,1
PLACE_01943,2023,USN_2025_451,COMP_012,Placed,8.50,PYTHON,1
PLACE_01944,2025,USN_2025_390,COMP_011,Placed,9.00,PYTHON,1
PLACE_01945,2021,USN_2025_395,,Not Placed,0.00,SQL,1
PLACE_01946,2023,USN_2025_026,COMP_012,Placed,8.50,MACHINE_LEARNING,1
PLACE_01947,2025,USN_2025_012,COMP_001,Placed,48.00,PYSPARK,1
PLACE_01948,2025,USN_2025_167,COMP_007,Placed,26.00,PYTHON,1
PLACE_01949,2020,USN_2025_017,COMP_006,Placed,28.00,PYTHON,1
PLACE_01950,2024,USN_2025_341,COMP_011,Placed,9.00,PYTHON,1
PLACE_01951,2023,USN_2025_295,COMP_012,Placed,8.50,AWS_CLOUD,1
PLACE_01952,2024,USN_2025_102,COMP_007,Placed,26.00,CPP,1
PLACE_01953,2021,USN_2025_004,COMP_011,Placed,9.00,MACHINE_LEARNING,1
PLACE_01954,2025,USN_2025_321,COMP_005,Placed,32.00,SQL,1
PLACE_01955,2023,USN_2025_118,COMP_006,Placed,28.00,CPP,1
PLACE_01956,2022,USN_2025_159,COMP_012,Placed,8.50,JAVA_BACKEND,1
PLACE_01957,2021,USN_2025_431,COMP_005,Placed,32.00,PYTHON,1
PLACE_01958,2020,USN_2025_250,COMP_011,Placed,9.00,PYTHON,1
PLACE_01959,2020,USN_2025_043,COMP_003,Placed,42.00,PYTHON,1
PLACE_01960,2024,USN_2025_461,COMP_012,Placed,8.50,DEEP_LEARNING,1
PLACE_01961,2025,USN_2025_371,COMP_010,Placed,18.00,AWS_CLOUD,1
PLACE_01962,2024,USN_2025_485,COMP_007,Placed,26.00,MACHINE_LEARNING,1
PLACE_01963,2022,USN_2025_337,COMP_010,Placed,18.00,PYTHON,1
PLACE_01964,2022,USN_2025_327,COMP_011,Placed,9.00,PYTHON,1
PLACE_01965,2020,USN_2025_342,COMP_005,Placed,32.00,AWS_CLOUD,1
PLACE_01966,2023,USN_2025_438,COMP_002,Placed,45.00,PYTHON,1
PLACE_01967,2020,USN_2025_381,COMP_013,Placed,7.00,PYTHON,1
PLACE_01968,2020,USN_2025_306,COMP_005,Placed,32.00,SQL,1
PLACE_01969,2022,USN_2025_313,COMP_013,Placed,7.00,AWS_CLOUD,1
PLACE_01970,2024,USN_2025_207,COMP_006,Placed,28.00,SQL,1
PLACE_01971,2022,USN_2025_011,COMP_012,Placed,8.50,JAVA_BACKEND,1
PLACE_01972,2025,USN_2025_461,COMP_013,Placed,7.00,COMPUTER_VISION,1
PLACE_01973,2022,USN_2025_143,COMP_010,Placed,18.00,AWS_CLOUD,1
PLACE_01974,2022,USN_2025_344,COMP_013,Placed,7.00,PYTHON,1
PLACE_01975,2020,USN_2025_142,COMP_007,Placed,26.00,PYTHON,1
PLACE_01976,2023,USN_2025_225,COMP_012,Placed,8.50,SQL,1
PLACE_01977,2020,USN_2025_231,COMP_002,Placed,45.00,CPP,1
PLACE_01978,2021,USN_2025_297,COMP_012,Placed,8.50,AWS_CLOUD,1
PLACE_01979,2022,USN_2025_086,COMP_013,Placed,7.00,PYTHON,1
PLACE_01980,2022,USN_2025_454,COMP_001,Placed,48.00,PYSPARK,1
PLACE_01981,2021,USN_2025_164,COMP_012,Placed,8.50,SQL,1
PLACE_01982,2022,USN_2025_337,COMP_013,Placed,7.00,SQL,1
PLACE_01983,2022,USN_2025_085,COMP_012,Placed,8.50,VECTOR_DATABASES,1
PLACE_01984,2025,USN_2025_420,COMP_013,Placed,7.00,SQL,1
PLACE_01985,2022,USN_2025_441,COMP_005,Placed,32.00,SQL,1
PLACE_01986,2021,USN_2025_375,COMP_004,Placed,38.00,PYTHON,1
PLACE_01987,2020,USN_2025_483,COMP_012,Placed,8.50,DEEP_LEARNING,1
PLACE_01988,2022,USN_2025_039,,Not Placed,0.00,LANGCHAIN,1
PLACE_01989,2023,USN_2025_202,COMP_006,Placed,28.00,CPP,1
PLACE_01990,2021,USN_2025_481,COMP_003,Placed,42.00,PYTHON,1
PLACE_01991,2024,USN_2025_070,COMP_005,Placed,32.00,SQL,1
PLACE_01992,2025,USN_2025_233,COMP_008,Placed,24.00,JAVA_BACKEND,1
PLACE_01993,2021,USN_2025_409,COMP_011,Placed,9.00,SQL,1
PLACE_01994,2020,USN_2025_323,,Not Placed,0.00,REACT,1
PLACE_01995,2021,USN_2025_182,COMP_006,Placed,28.00,MACHINE_LEARNING,1
PLACE_01996,2024,USN_2025_038,COMP_010,Placed,18.00,AWS_CLOUD,1
PLACE_01997,2025,USN_2025_057,COMP_010,Placed,18.00,JAVA_BACKEND,1
PLACE_01998,2023,USN_2025_227,COMP_003,Placed,42.00,AWS_CLOUD,1
PLACE_01999,2024,USN_2025_097,COMP_008,Placed,24.00,REACT,1
PLACE_02000,2021,USN_2025_367,COMP_012,Placed,8.50,SQL,1
PLACE_02001,2024,USN_2025_150,COMP_003,Placed,42.00,PYTHON,1
PLACE_02002,2021,USN_2025_185,,Not Placed,0.00,REACT,1
PLACE_02003,2023,USN_2025_381,COMP_013,Placed,7.00,PYTHON,1
PLACE_02004,2023,USN_2025_351,COMP_012,Placed,8.50,SQL,1
PLACE_02005,2020,USN_2025_066,COMP_001,Placed,48.00,PYTHON,1
PLACE_02006,2023,USN_2025_388,COMP_009,Placed,20.00,JAVA_BACKEND,1
PLACE_02007,2022,USN_2025_171,COMP_010,Placed,18.00,AWS_CLOUD,1
PLACE_02008,2024,USN_2025_307,COMP_003,Placed,42.00,GENAI_LLMS,1
PLACE_02009,2024,USN_2025_315,COMP_012,Placed,8.50,SQL,1
PLACE_02010,2021,USN_2025_143,COMP_006,Placed,28.00,SQL,1
PLACE_02011,2023,USN_2025_017,COMP_008,Placed,24.00,AWS_CLOUD,1
PLACE_02012,2020,USN_2025_379,,Not Placed,0.00,JAVA_BACKEND,0
PLACE_02013,2020,USN_2025_102,COMP_010,Placed,18.00,CPP,1
PLACE_02014,2020,USN_2025_324,COMP_001,Placed,48.00,PYSPARK,1
PLACE_02015,2025,USN_2025_274,COMP_007,Placed,26.00,GENAI_LLMS,1
PLACE_02016,2022,USN_2025_317,COMP_008,Placed,24.00,JAVA_BACKEND,1
PLACE_02017,2023,USN_2025_463,COMP_007,Placed,26.00,COMPUTER_VISION,1
PLACE_02018,2020,USN_2025_242,COMP_013,Placed,7.00,SQL,1
PLACE_02019,2022,USN_2025_432,COMP_009,Placed,20.00,SQL,1
PLACE_02020,2024,USN_2025_377,COMP_012,Placed,8.50,JAVA_BACKEND,1
PLACE_02021,2021,USN_2025_065,COMP_001,Placed,48.00,PYSPARK,1
PLACE_02022,2023,USN_2025_105,COMP_005,Placed,32.00,SQL,1
PLACE_02023,2023,USN_2025_225,COMP_010,Placed,18.00,SQL,1
PLACE_02024,2025,USN_2025_226,COMP_011,Placed,9.00,SQL,1
PLACE_02025,2024,USN_2025_015,COMP_008,Placed,24.00,REACT,1
PLACE_02026,2023,USN_2025_420,COMP_011,Placed,9.00,SQL,1
PLACE_02027,2025,USN_2025_487,COMP_007,Placed,26.00,COMPUTER_VISION,1
PLACE_02028,2025,USN_2025_464,COMP_004,Placed,38.00,COMPUTER_VISION,1
PLACE_02029,2025,USN_2025_151,COMP_008,Placed,24.00,REACT,1
PLACE_02030,2023,USN_2025_223,COMP_008,Placed,24.00,JAVA_BACKEND,1
PLACE_02031,2023,USN_2025_446,COMP_013,Placed,7.00,SQL,1
PLACE_02032,2023,USN_2025_393,COMP_002,Placed,45.00,CPP,1
PLACE_02033,2022,USN_2025_109,COMP_013,Placed,7.00,PYTHON,1
PLACE_02034,2025,USN_2025_052,COMP_003,Placed,42.00,CPP,1
PLACE_02035,2022,USN_2025_399,COMP_012,Placed,8.50,DEEP_LEARNING,1
PLACE_02036,2021,USN_2025_107,COMP_009,Placed,20.00,SQL,1
PLACE_02037,2023,USN_2025_246,COMP_005,Placed,32.00,JAVA_BACKEND,1
PLACE_02038,2024,USN_2025_240,COMP_013,Placed,7.00,SQL,1
PLACE_02039,2020,USN_2025_315,COMP_012,Placed,8.50,SQL,1
PLACE_02040,2021,USN_2025_491,COMP_005,Placed,32.00,PYSPARK,1
PLACE_02041,2020,USN_2025_279,COMP_013,Placed,7.00,PYSPARK,1
PLACE_02042,2020,USN_2025_447,COMP_005,Placed,32.00,PROMPT_ENGINEERING,1
PLACE_02043,2023,USN_2025_232,COMP_005,Placed,32.00,CPP,1
PLACE_02044,2024,USN_2025_295,COMP_011,Placed,9.00,REACT,1
PLACE_02045,2020,USN_2025_077,COMP_013,Placed,7.00,REACT,1
PLACE_02046,2025,USN_2025_019,COMP_013,Placed,7.00,SQL,1
PLACE_02047,2020,USN_2025_425,COMP_004,Placed,38.00,CPP,1
PLACE_02048,2021,USN_2025_495,COMP_001,Placed,48.00,VECTOR_DATABASES,1
PLACE_02049,2024,USN_2025_180,,Not Placed,0.00,REACT,1
PLACE_02050,2024,USN_2025_107,COMP_011,Placed,9.00,REACT,1
PLACE_02051,2020,USN_2025_107,COMP_009,Placed,20.00,SQL,1
PLACE_02052,2024,USN_2025_070,COMP_008,Placed,24.00,JAVA_BACKEND,1
PLACE_02053,2021,USN_2025_163,COMP_007,Placed,26.00,REACT,1
PLACE_02054,2021,USN_2025_408,COMP_003,Placed,42.00,PYTHON,1
PLACE_02055,2021,USN_2025_487,COMP_005,Placed,32.00,PYSPARK,1
PLACE_02056,2025,USN_2025_402,,Not Placed,0.00,PYTHON,1
PLACE_02057,2023,USN_2025_209,COMP_013,Placed,7.00,SQL,1
PLACE_02058,2020,USN_2025_046,,Not Placed,0.00,VECTOR_DATABASES,1
PLACE_02059,2024,USN_2025_444,COMP_013,Placed,7.00,PYSPARK,1
PLACE_02060,2021,USN_2025_435,COMP_013,Placed,7.00,SQL,1
PLACE_02061,2020,USN_2025_058,COMP_010,Placed,18.00,PYTHON,1
PLACE_02062,2020,USN_2025_137,COMP_004,Placed,38.00,CPP,1
PLACE_02063,2023,USN_2025_054,COMP_012,Placed,8.50,JAVA_BACKEND,1
PLACE_02064,2025,USN_2025_462,COMP_001,Placed,48.00,DATABRICKS_DE,1
PLACE_02065,2024,USN_2025_252,COMP_012,Placed,8.50,SQL,1
PLACE_02066,2025,USN_2025_492,COMP_012,Placed,8.50,SQL,1
PLACE_02067,2024,USN_2025_336,COMP_010,Placed,18.00,PYTHON,1
PLACE_02068,2021,USN_2025_346,COMP_005,Placed,32.00,SQL,1
PLACE_02069,2021,USN_2025_062,COMP_009,Placed,20.00,SQL,1
PLACE_02070,2020,USN_2025_041,COMP_012,Placed,8.50,AWS_CLOUD,1
PLACE_02071,2024,USN_2025_357,COMP_005,Placed,32.00,JAVA_BACKEND,1
PLACE_02072,2024,USN_2025_195,,Not Placed,0.00,LANGCHAIN,1
PLACE_02073,2025,USN_2025_432,COMP_012,Placed,8.50,SQL,1
PLACE_02074,2021,USN_2025_014,COMP_013,Placed,7.00,SQL,1
PLACE_02075,2022,USN_2025_478,COMP_006,Placed,28.00,SQL,1
PLACE_02076,2020,USN_2025_337,COMP_010,Placed,18.00,AWS_CLOUD,1
PLACE_02077,2024,USN_2025_304,,Not Placed,0.00,CPP,1
PLACE_02078,2023,USN_2025_217,,Not Placed,0.00,JAVA_BACKEND,1
PLACE_02079,2023,USN_2025_243,COMP_009,Placed,20.00,JAVA_BACKEND,1
PLACE_02080,2022,USN_2025_394,COMP_003,Placed,42.00,SQL,1
PLACE_02081,2021,USN_2025_064,COMP_004,Placed,38.00,VECTOR_DATABASES,1
PLACE_02082,2021,USN_2025_049,COMP_013,Placed,7.00,DATABRICKS_DE,1
PLACE_02083,2021,USN_2025_019,COMP_013,Placed,7.00,PYSPARK,1
PLACE_02084,2025,USN_2025_047,COMP_011,Placed,9.00,MACHINE_LEARNING,1
PLACE_02085,2023,USN_2025_435,COMP_011,Placed,9.00,PYTHON,1
PLACE_02086,2021,USN_2025_143,COMP_004,Placed,38.00,AWS_CLOUD,1
PLACE_02087,2023,USN_2025_103,COMP_006,Placed,28.00,PYTHON,1
PLACE_02088,2022,USN_2025_491,COMP_002,Placed,45.00,PYTHON,1
PLACE_02089,2020,USN_2025_322,,Not Placed,0.00,SQL,1
PLACE_02090,2025,USN_2025_282,COMP_007,Placed,26.00,CPP,1
PLACE_02091,2024,USN_2025_047,COMP_010,Placed,18.00,AWS_CLOUD,1
PLACE_02092,2022,USN_2025_022,COMP_012,Placed,8.50,SQL,1
PLACE_02093,2023,USN_2025_392,COMP_010,Placed,18.00,PYTHON,1
PLACE_02094,2022,USN_2025_038,COMP_010,Placed,18.00,AWS_CLOUD,1
PLACE_02095,2024,USN_2025_200,,Not Placed,0.00,PYTHON,1
PLACE_02096,2025,USN_2025_274,COMP_005,Placed,32.00,SQL,1
PLACE_02097,2020,USN_2025_445,COMP_001,Placed,48.00,PYSPARK,1
PLACE_02098,2024,USN_2025_199,COMP_009,Placed,20.00,JAVA_BACKEND,1
PLACE_02099,2025,USN_2025_160,COMP_010,Placed,18.00,PYTHON,1
PLACE_02100,2023,USN_2025_352,COMP_011,Placed,9.00,MACHINE_LEARNING,1
PLACE_02101,2024,USN_2025_359,COMP_012,Placed,8.50,MACHINE_LEARNING,1
PLACE_02102,2022,USN_2025_112,COMP_013,Placed,7.00,SQL,1
PLACE_02103,2021,USN_2025_240,,Not Placed,0.00,JAVA_BACKEND,1
PLACE_02104,2022,USN_2025_236,COMP_013,Placed,7.00,PYTHON,1
PLACE_02105,2023,USN_2025_116,COMP_010,Placed,18.00,LANGCHAIN,1
PLACE_02106,2020,USN_2025_401,COMP_010,Placed,18.00,AWS_CLOUD,1
PLACE_02107,2024,USN_2025_098,COMP_006,Placed,28.00,SQL,1
PLACE_02108,2020,USN_2025_491,COMP_004,Placed,38.00,DEEP_LEARNING,1
PLACE_02109,2023,USN_2025_455,,Not Placed,0.00,MACHINE_LEARNING,1
PLACE_02110,2024,USN_2025_098,COMP_005,Placed,32.00,SQL,1
PLACE_02111,2025,USN_2025_371,COMP_005,Placed,32.00,AWS_CLOUD,1
PLACE_02112,2025,USN_2025_233,COMP_008,Placed,24.00,JAVA_BACKEND,1
PLACE_02113,2022,USN_2025_250,COMP_012,Placed,8.50,JAVA_BACKEND,1
PLACE_02114,2022,USN_2025_488,COMP_009,Placed,20.00,PYTHON,1
PLACE_02115,2023,USN_2025_290,COMP_005,Placed,32.00,AWS_CLOUD,1
PLACE_02116,2025,USN_2025_183,COMP_009,Placed,20.00,JAVA_BACKEND,1
PLACE_02117,2024,USN_2025_255,COMP_010,Placed,18.00,CPP,1
PLACE_02118,2025,USN_2025_055,COMP_013,Placed,7.00,SQL,1
PLACE_02119,2022,USN_2025_476,COMP_009,Placed,20.00,PYTHON,1
PLACE_02120,2023,USN_2025_435,COMP_013,Placed,7.00,PYTHON,1
PLACE_02121,2025,USN_2025_088,COMP_001,Placed,48.00,PYSPARK,1
PLACE_02122,2023,USN_2025_201,COMP_013,Placed,7.00,GENAI_LLMS,1
PLACE_02123,2025,USN_2025_139,COMP_012,Placed,8.50,JAVA_BACKEND,1
PLACE_02124,2020,USN_2025_336,COMP_010,Placed,18.00,PYTHON,1
PLACE_02125,2025,USN_2025_080,COMP_010,Placed,18.00,PYTHON,1
PLACE_02126,2022,USN_2025_410,COMP_012,Placed,8.50,SQL,1
PLACE_02127,2024,USN_2025_241,COMP_013,Placed,7.00,PYTHON,1
PLACE_02128,2022,USN_2025_436,COMP_005,Placed,32.00,SQL,1
PLACE_02129,2022,USN_2025_156,,Not Placed,0.00,JAVA_BACKEND,1
PLACE_02130,2022,USN_2025_151,COMP_003,Placed,42.00,SQL,1
PLACE_02131,2023,USN_2025_311,COMP_013,Placed,7.00,PYTHON,1
PLACE_02132,2021,USN_2025_161,COMP_010,Placed,18.00,LANGCHAIN,1
PLACE_02133,2021,USN_2025_484,COMP_006,Placed,28.00,PYTHON,1
PLACE_02134,2020,USN_2025_169,COMP_007,Placed,26.00,GENAI_LLMS,1
PLACE_02135,2022,USN_2025_003,COMP_013,Placed,7.00,PYSPARK,1
PLACE_02136,2021,USN_2025_423,COMP_013,Placed,7.00,PYTHON,1
PLACE_02137,2020,USN_2025_400,COMP_005,Placed,32.00,AWS_CLOUD,1
PLACE_02138,2023,USN_2025_484,COMP_007,Placed,26.00,PYTHON,1
PLACE_02139,2022,USN_2025_493,COMP_001,Placed,48.00,PYSPARK,1
PLACE_02140,2024,USN_2025_353,COMP_013,Placed,7.00,PYTHON,1
PLACE_02141,2023,USN_2025_005,COMP_010,Placed,18.00,AWS_CLOUD,1
PLACE_02142,2020,USN_2025_122,COMP_009,Placed,20.00,PYTHON,1
PLACE_02143,2023,USN_2025_427,COMP_011,Placed,9.00,MACHINE_LEARNING,1
PLACE_02144,2024,USN_2025_310,COMP_010,Placed,18.00,AWS_CLOUD,1
PLACE_02145,2023,USN_2025_459,COMP_012,Placed,8.50,NLP,1
PLACE_02146,2020,USN_2025_071,COMP_009,Placed,20.00,JAVA_BACKEND,1
PLACE_02147,2024,USN_2025_196,COMP_010,Placed,18.00,SQL,1
PLACE_02148,2024,USN_2025_182,COMP_004,Placed,38.00,JAVA_BACKEND,1
PLACE_02149,2023,USN_2025_297,COMP_013,Placed,7.00,AWS_CLOUD,1
PLACE_02150,2024,USN_2025_361,COMP_004,Placed,38.00,CPP,1
PLACE_02151,2023,USN_2025_225,COMP_013,Placed,7.00,SQL,1
PLACE_02152,2022,USN_2025_231,COMP_002,Placed,45.00,CPP,1
PLACE_02153,2024,USN_2025_190,COMP_010,Placed,18.00,PYTHON,1
PLACE_02154,2023,USN_2025_059,COMP_010,Placed,18.00,PYTHON,1
PLACE_02155,2022,USN_2025_281,,Not Placed,0.00,MACHINE_LEARNING,1
PLACE_02156,2024,USN_2025_237,COMP_012,Placed,8.50,JAVA_BACKEND,1
PLACE_02157,2022,USN_2025_481,COMP_006,Placed,28.00,PYTHON,1
PLACE_02158,2025,USN_2025_116,COMP_013,Placed,7.00,SQL,1
PLACE_02159,2024,USN_2025_468,COMP_012,Placed,8.50,SQL,1
PLACE_02160,2025,USN_2025_030,COMP_010,Placed,18.00,PYTHON,1
PLACE_02161,2020,USN_2025_461,COMP_012,Placed,8.50,NLP,1
PLACE_02162,2020,USN_2025_441,COMP_007,Placed,26.00,PYTHON,1
PLACE_02163,2023,USN_2025_485,COMP_003,Placed,42.00,PROMPT_ENGINEERING,1
PLACE_02164,2021,USN_2025_092,COMP_003,Placed,42.00,CPP,1
PLACE_02165,2025,USN_2025_087,COMP_008,Placed,24.00,REACT,1
PLACE_02166,2025,USN_2025_435,COMP_011,Placed,9.00,SQL,1
PLACE_02167,2020,USN_2025_120,COMP_011,Placed,9.00,PYSPARK,1
PLACE_02168,2025,USN_2025_423,COMP_010,Placed,18.00,PYTHON,1
PLACE_02169,2021,USN_2025_212,COMP_013,Placed,7.00,PYSPARK,1
PLACE_02170,2022,USN_2025_170,COMP_003,Placed,42.00,AWS_CLOUD,1
PLACE_02171,2022,USN_2025_073,COMP_002,Placed,45.00,GENAI_LLMS,1
PLACE_02172,2021,USN_2025_063,COMP_003,Placed,42.00,SQL,1
PLACE_02173,2025,USN_2025_312,COMP_009,Placed,20.00,PYTHON,1
PLACE_02174,2025,USN_2025_129,COMP_006,Placed,28.00,SQL,1
PLACE_02175,2025,USN_2025_252,COMP_006,Placed,28.00,SQL,1
PLACE_02176,2023,USN_2025_148,COMP_010,Placed,18.00,SQL,1
PLACE_02177,2024,USN_2025_414,COMP_009,Placed,20.00,PYTHON,1
PLACE_02178,2021,USN_2025_481,COMP_001,Placed,48.00,PYSPARK,1
PLACE_02179,2021,USN_2025_189,COMP_013,Placed,7.00,PYSPARK,1
PLACE_02180,2021,USN_2025_102,COMP_008,Placed,24.00,LANGCHAIN,1
PLACE_02181,2021,USN_2025_464,COMP_004,Placed,38.00,COMPUTER_VISION,1
PLACE_02182,2021,USN_2025_213,COMP_012,Placed,8.50,SQL,1
PLACE_02183,2025,USN_2025_022,COMP_010,Placed,18.00,VECTOR_DATABASES,1
PLACE_02184,2023,USN_2025_386,COMP_005,Placed,32.00,JAVA_BACKEND,1
PLACE_02185,2020,USN_2025_438,COMP_005,Placed,32.00,DATABRICKS_DE,1
PLACE_02186,2025,USN_2025_199,COMP_010,Placed,18.00,JAVA_BACKEND,1
PLACE_02187,2025,USN_2025_147,,Not Placed,0.00,REACT,1
PLACE_02188,2024,USN_2025_153,COMP_009,Placed,20.00,SQL,1
PLACE_02189,2020,USN_2025_358,COMP_011,Placed,9.00,MACHINE_LEARNING,1
PLACE_02190,2021,USN_2025_327,COMP_010,Placed,18.00,PYTHON,1
PLACE_02191,2020,USN_2025_183,COMP_007,Placed,26.00,CPP,1
PLACE_02192,2023,USN_2025_432,COMP_011,Placed,9.00,SQL,1
PLACE_02193,2022,USN_2025_445,COMP_002,Placed,45.00,DEEP_LEARNING,1
PLACE_02194,2025,USN_2025_258,COMP_007,Placed,26.00,CPP,1
PLACE_02195,2020,USN_2025_310,COMP_013,Placed,7.00,SQL,1
PLACE_02196,2024,USN_2025_459,COMP_013,Placed,7.00,MACHINE_LEARNING,1
PLACE_02197,2023,USN_2025_115,COMP_003,Placed,42.00,SQL,1
PLACE_02198,2022,USN_2025_241,COMP_012,Placed,8.50,AWS_CLOUD,1
PLACE_02199,2023,USN_2025_314,COMP_011,Placed,9.00,MACHINE_LEARNING,1
PLACE_02200,2021,USN_2025_122,COMP_013,Placed,7.00,PYTHON,1
PLACE_02201,2022,USN_2025_370,COMP_005,Placed,32.00,SQL,1
PLACE_02202,2024,USN_2025_476,COMP_013,Placed,7.00,PYTHON,1
PLACE_02203,2022,USN_2025_165,COMP_013,Placed,7.00,PYTHON,1
PLACE_02204,2024,USN_2025_058,COMP_010,Placed,18.00,PYTHON,1
PLACE_02205,2021,USN_2025_209,COMP_010,Placed,18.00,PYTHON,1
PLACE_02206,2024,USN_2025_259,COMP_009,Placed,20.00,JAVA_BACKEND,1
PLACE_02207,2023,USN_2025_318,COMP_013,Placed,7.00,PYTHON,1
PLACE_02208,2020,USN_2025_156,COMP_011,Placed,9.00,SQL,1
PLACE_02209,2023,USN_2025_030,COMP_013,Placed,7.00,PYTHON,1
PLACE_02210,2025,USN_2025_106,COMP_008,Placed,24.00,JAVA_BACKEND,1
PLACE_02211,2023,USN_2025_079,COMP_007,Placed,26.00,VECTOR_DATABASES,1
PLACE_02212,2022,USN_2025_107,COMP_009,Placed,20.00,SQL,1
PLACE_02213,2021,USN_2025_272,COMP_012,Placed,8.50,AWS_CLOUD,1
PLACE_02214,2025,USN_2025_151,COMP_005,Placed,32.00,SQL,1
PLACE_02215,2025,USN_2025_330,COMP_009,Placed,20.00,SQL,1
PLACE_02216,2025,USN_2025_494,COMP_013,Placed,7.00,PYSPARK,1
PLACE_02217,2020,USN_2025_094,COMP_006,Placed,28.00,PYTHON,1
PLACE_02218,2024,USN_2025_387,COMP_011,Placed,9.00,PYTHON,1
PLACE_02219,2022,USN_2025_214,COMP_002,Placed,45.00,PYTHON,1
PLACE_02220,2021,USN_2025_182,COMP_008,Placed,24.00,REACT,1
PLACE_02221,2020,USN_2025_169,COMP_007,Placed,26.00,GENAI_LLMS,1
PLACE_02222,2023,USN_2025_447,COMP_004,Placed,38.00,COMPUTER_VISION,1
PLACE_02223,2021,USN_2025_266,COMP_013,Placed,7.00,SQL,1
PLACE_02224,2025,USN_2025_047,COMP_010,Placed,18.00,AWS_CLOUD,1
PLACE_02225,2021,USN_2025_022,COMP_011,Placed,9.00,SQL,1
PLACE_02226,2021,USN_2025_464,COMP_007,Placed,26.00,COMPUTER_VISION,1
PLACE_02227,2023,USN_2025_417,COMP_003,Placed,42.00,SQL,1
PLACE_02228,2024,USN_2025_048,COMP_006,Placed,28.00,PYTHON,1
PLACE_02229,2022,USN_2025_441,COMP_007,Placed,26.00,PYTHON,1
PLACE_02230,2025,USN_2025_441,COMP_011,Placed,9.00,SQL,1
PLACE_02231,2024,USN_2025_084,COMP_008,Placed,24.00,DATABRICKS_DE,1
PLACE_02232,2020,USN_2025_263,COMP_003,Placed,42.00,CPP,1
PLACE_02233,2025,USN_2025_398,COMP_005,Placed,32.00,AWS_CLOUD,1
PLACE_02234,2022,USN_2025_016,COMP_005,Placed,32.00,SQL,1
PLACE_02235,2020,USN_2025_485,COMP_007,Placed,26.00,DEEP_LEARNING,1
PLACE_02236,2023,USN_2025_446,COMP_012,Placed,8.50,SQL,1
PLACE_02237,2024,USN_2025_209,COMP_012,Placed,8.50,AWS_CLOUD,1
PLACE_02238,2025,USN_2025_298,COMP_011,Placed,9.00,SQL,1
PLACE_02239,2021,USN_2025_278,COMP_011,Placed,9.00,CPP,1
PLACE_02240,2022,USN_2025_198,COMP_012,Placed,8.50,AWS_CLOUD,1
PLACE_02241,2025,USN_2025_044,COMP_003,Placed,42.00,SQL,1
PLACE_02242,2021,USN_2025_001,COMP_003,Placed,42.00,AWS_CLOUD,1
PLACE_02243,2025,USN_2025_371,COMP_002,Placed,45.00,PYTHON,1
PLACE_02244,2020,USN_2025_059,COMP_009,Placed,20.00,PYTHON,1
PLACE_02245,2021,USN_2025_008,COMP_013,Placed,7.00,SQL,1
PLACE_02246,2021,USN_2025_385,COMP_012,Placed,8.50,SQL,1
PLACE_02247,2025,USN_2025_114,COMP_011,Placed,9.00,SQL,1
PLACE_02248,2023,USN_2025_023,COMP_009,Placed,20.00,PYTHON,1
PLACE_02249,2023,USN_2025_351,,Not Placed,0.00,AWS_CLOUD,1
PLACE_02250,2024,USN_2025_385,COMP_009,Placed,20.00,SQL,1
PLACE_02251,2020,USN_2025_302,COMP_013,Placed,7.00,PYSPARK,1
PLACE_02252,2023,USN_2025_325,COMP_013,Placed,7.00,SQL,1
PLACE_02253,2025,USN_2025_073,COMP_005,Placed,32.00,SQL,1
PLACE_02254,2023,USN_2025_193,COMP_008,Placed,24.00,VECTOR_DATABASES,1
PLACE_02255,2024,USN_2025_228,,Not Placed,0.00,VECTOR_DATABASES,1
PLACE_02256,2022,USN_2025_081,COMP_008,Placed,24.00,AWS_CLOUD,1
PLACE_02257,2024,USN_2025_357,COMP_011,Placed,9.00,PYTHON,1
PLACE_02258,2021,USN_2025_261,COMP_010,Placed,18.00,PYSPARK,1
PLACE_02259,2021,USN_2025_298,COMP_011,Placed,9.00,SQL,1
PLACE_02260,2023,USN_2025_221,COMP_013,Placed,7.00,REACT,1
PLACE_02261,2023,USN_2025_293,COMP_009,Placed,20.00,JAVA_BACKEND,1
PLACE_02262,2024,USN_2025_257,COMP_010,Placed,18.00,AWS_CLOUD,1
PLACE_02263,2024,USN_2025_366,COMP_004,Placed,38.00,CPP,1
PLACE_02264,2025,USN_2025_464,COMP_004,Placed,38.00,COMPUTER_VISION,1
PLACE_02265,2020,USN_2025_412,COMP_012,Placed,8.50,JAVA_BACKEND,1
PLACE_02266,2025,USN_2025_454,COMP_001,Placed,48.00,SQL,1
PLACE_02267,2021,USN_2025_465,COMP_013,Placed,7.00,PYTHON,1
PLACE_02268,2025,USN_2025_263,COMP_002,Placed,45.00,PYTHON,1
PLACE_02269,2024,USN_2025_027,COMP_011,Placed,9.00,PYTHON,1
PLACE_02270,2025,USN_2025_316,COMP_005,Placed,32.00,SQL,1
PLACE_02271,2022,USN_2025_177,COMP_011,Placed,9.00,MACHINE_LEARNING,1
PLACE_02272,2020,USN_2025_020,COMP_009,Placed,20.00,SQL,1
PLACE_02273,2024,USN_2025_471,COMP_004,Placed,38.00,PYTHON,1
PLACE_02274,2023,USN_2025_088,COMP_001,Placed,48.00,PYSPARK,1
PLACE_02275,2025,USN_2025_190,COMP_010,Placed,18.00,PYTHON,1
PLACE_02276,2024,USN_2025_026,COMP_005,Placed,32.00,MACHINE_LEARNING,1
PLACE_02277,2023,USN_2025_042,COMP_005,Placed,32.00,JAVA_BACKEND,1
PLACE_02278,2023,USN_2025_147,COMP_011,Placed,9.00,REACT,1
PLACE_02279,2021,USN_2025_189,COMP_012,Placed,8.50,AWS_CLOUD,1
PLACE_02280,2021,USN_2025_402,COMP_013,Placed,7.00,PYTHON,1
PLACE_02281,2024,USN_2025_115,COMP_004,Placed,38.00,SQL,1
PLACE_02282,2024,USN_2025_009,COMP_001,Placed,48.00,DATABRICKS_DE,1
PLACE_02283,2022,USN_2025_071,COMP_006,Placed,28.00,SQL,1
PLACE_02284,2020,USN_2025_090,COMP_010,Placed,18.00,AWS_CLOUD,1
PLACE_02285,2020,USN_2025_454,COMP_004,Placed,38.00,COMPUTER_VISION,1
PLACE_02286,2024,USN_2025_126,,Not Placed,0.00,PYSPARK,1
PLACE_02287,2021,USN_2025_440,COMP_007,Placed,26.00,COMPUTER_VISION,1
PLACE_02288,2025,USN_2025_297,COMP_011,Placed,9.00,MACHINE_LEARNING,1
PLACE_02289,2022,USN_2025_400,COMP_003,Placed,42.00,AWS_CLOUD,1
PLACE_02290,2020,USN_2025_033,COMP_013,Placed,7.00,PYSPARK,1
PLACE_02291,2024,USN_2025_225,COMP_012,Placed,8.50,SQL,1
PLACE_02292,2021,USN_2025_072,COMP_010,Placed,18.00,LANGCHAIN,1
PLACE_02293,2021,USN_2025_445,COMP_004,Placed,38.00,DEEP_LEARNING,1
PLACE_02294,2021,USN_2025_051,COMP_009,Placed,20.00,PYTHON,1
PLACE_02295,2025,USN_2025_212,COMP_012,Placed,8.50,AWS_CLOUD,1
PLACE_02296,2023,USN_2025_263,COMP_001,Placed,48.00,PYTHON,1
PLACE_02297,2025,USN_2025_494,COMP_013,Placed,7.00,PYSPARK,1
PLACE_02298,2021,USN_2025_174,COMP_013,Placed,7.00,PYTHON,1
PLACE_02299,2024,USN_2025_291,COMP_013,Placed,7.00,PYTHON,1
PLACE_02300,2022,USN_2025_206,COMP_011,Placed,9.00,REACT,1
PLACE_02301,2025,USN_2025_003,COMP_007,Placed,26.00,CPP,1
PLACE_02302,2024,USN_2025_034,COMP_013,Placed,7.00,SQL,1
PLACE_02303,2021,USN_2025_258,COMP_005,Placed,32.00,SQL,1
PLACE_02304,2022,USN_2025_265,COMP_006,Placed,28.00,MACHINE_LEARNING,1
PLACE_02305,2020,USN_2025_272,COMP_012,Placed,8.50,AWS_CLOUD,1
PLACE_02306,2020,USN_2025_164,COMP_010,Placed,18.00,AWS_CLOUD,1
PLACE_02307,2024,USN_2025_255,COMP_011,Placed,9.00,REACT,1
PLACE_02308,2022,USN_2025_131,COMP_011,Placed,9.00,PYTHON,1
PLACE_02309,2024,USN_2025_442,COMP_011,Placed,9.00,MACHINE_LEARNING,1
PLACE_02310,2022,USN_2025_423,COMP_009,Placed,20.00,PYTHON,1
PLACE_02311,2022,USN_2025_044,COMP_001,Placed,48.00,PYSPARK,1
PLACE_02312,2024,USN_2025_302,,Not Placed,0.00,PYSPARK,1
PLACE_02313,2022,USN_2025_272,COMP_012,Placed,8.50,AWS_CLOUD,1
PLACE_02314,2025,USN_2025_117,COMP_012,Placed,8.50,AWS_CLOUD,1
PLACE_02315,2021,USN_2025_141,COMP_005,Placed,32.00,JAVA_BACKEND,1
PLACE_02316,2022,USN_2025_270,COMP_012,Placed,8.50,REACT,1
PLACE_02317,2025,USN_2025_084,COMP_005,Placed,32.00,SQL,1
PLACE_02318,2022,USN_2025_330,COMP_010,Placed,18.00,JAVA_BACKEND,1
PLACE_02319,2025,USN_2025_469,COMP_013,Placed,7.00,MACHINE_LEARNING,1
PLACE_02320,2024,USN_2025_443,COMP_012,Placed,8.50,SQL,1
PLACE_02321,2020,USN_2025_190,COMP_013,Placed,7.00,PYTHON,1
PLACE_02322,2023,USN_2025_463,COMP_013,Placed,7.00,SQL,1
PLACE_02323,2022,USN_2025_041,COMP_012,Placed,8.50,AWS_CLOUD,1
PLACE_02324,2023,USN_2025_240,COMP_013,Placed,7.00,SQL,1
PLACE_02325,2022,USN_2025_397,COMP_010,Placed,18.00,PYTHON,1
PLACE_02326,2024,USN_2025_133,COMP_013,Placed,7.00,SQL,1
PLACE_02327,2024,USN_2025_485,COMP_003,Placed,42.00,NLP,1
PLACE_02328,2025,USN_2025_066,COMP_009,Placed,20.00,SQL,1
PLACE_02329,2022,USN_2025_267,COMP_005,Placed,32.00,JAVA_BACKEND,1
PLACE_02330,2024,USN_2025_312,COMP_010,Placed,18.00,AWS_CLOUD,1
PLACE_02331,2024,USN_2025_057,COMP_013,Placed,7.00,DATABRICKS_DE,1
PLACE_02332,2022,USN_2025_324,COMP_008,Placed,24.00,REACT,1
PLACE_02333,2025,USN_2025_457,COMP_004,Placed,38.00,COMPUTER_VISION,1
PLACE_02334,2025,USN_2025_083,COMP_010,Placed,18.00,AWS_CLOUD,1
PLACE_02335,2025,USN_2025_001,COMP_003,Placed,42.00,PYTHON,1
PLACE_02336,2025,USN_2025_462,COMP_005,Placed,32.00,SQL,1
PLACE_02337,2020,USN_2025_385,COMP_010,Placed,18.00,COMPUTER_VISION,1
PLACE_02338,2022,USN_2025_466,COMP_005,Placed,32.00,SQL,1
PLACE_02339,2020,USN_2025_190,COMP_013,Placed,7.00,PYTHON,1
PLACE_02340,2024,USN_2025_112,COMP_013,Placed,7.00,SQL,1
PLACE_02341,2020,USN_2025_013,COMP_013,Placed,7.00,PYTHON,1
PLACE_02342,2025,USN_2025_474,COMP_009,Placed,20.00,SQL,1
PLACE_02343,2024,USN_2025_388,COMP_005,Placed,32.00,SQL,1
PLACE_02344,2020,USN_2025_150,COMP_008,Placed,24.00,REACT,1
PLACE_02345,2020,USN_2025_419,COMP_010,Placed,18.00,PYTHON,1
PLACE_02346,2022,USN_2025_018,COMP_012,Placed,8.50,JAVA_BACKEND,1
PLACE_02347,2020,USN_2025_377,COMP_009,Placed,20.00,JAVA_BACKEND,1
PLACE_02348,2024,USN_2025_011,COMP_010,Placed,18.00,AWS_CLOUD,1
PLACE_02349,2025,USN_2025_323,COMP_012,Placed,8.50,PYTHON,1
PLACE_02350,2022,USN_2025_255,COMP_010,Placed,18.00,CPP,1
PLACE_02351,2020,USN_2025_091,COMP_005,Placed,32.00,PYTHON,1
PLACE_02352,2022,USN_2025_234,COMP_013,Placed,7.00,PYTHON,1
PLACE_02353,2023,USN_2025_262,COMP_011,Placed,9.00,PYTHON,1
PLACE_02354,2022,USN_2025_492,COMP_012,Placed,8.50,SQL,1
PLACE_02355,2025,USN_2025_293,COMP_010,Placed,18.00,REACT,1
PLACE_02356,2023,USN_2025_480,COMP_005,Placed,32.00,COMPUTER_VISION,1
PLACE_02357,2023,USN_2025_274,COMP_005,Placed,32.00,JAVA_BACKEND,1
PLACE_02358,2022,USN_2025_204,COMP_005,Placed,32.00,PYTHON,1
PLACE_02359,2024,USN_2025_475,COMP_005,Placed,32.00,SQL,1
PLACE_02360,2025,USN_2025_373,,Not Placed,0.00,AWS_CLOUD,1
PLACE_02361,2024,USN_2025_353,COMP_013,Placed,7.00,PYTHON,1
PLACE_02362,2025,USN_2025_350,,Not Placed,0.00,PYTHON,1
PLACE_02363,2025,USN_2025_199,COMP_010,Placed,18.00,JAVA_BACKEND,1
PLACE_02364,2024,USN_2025_289,COMP_012,Placed,8.50,AWS_CLOUD,1
PLACE_02365,2021,USN_2025_422,COMP_002,Placed,45.00,DEEP_LEARNING,1
PLACE_02366,2023,USN_2025_266,COMP_012,Placed,8.50,SQL,1
PLACE_02367,2022,USN_2025_279,COMP_012,Placed,8.50,JAVA_BACKEND,1
PLACE_02368,2024,USN_2025_153,COMP_010,Placed,18.00,SQL,1
PLACE_02369,2024,USN_2025_203,COMP_011,Placed,9.00,SQL,1
PLACE_02370,2022,USN_2025_153,COMP_012,Placed,8.50,SQL,1
PLACE_02371,2023,USN_2025_245,COMP_008,Placed,24.00,JAVA_BACKEND,1
PLACE_02372,2022,USN_2025_092,COMP_008,Placed,24.00,PYTHON,1
PLACE_02373,2025,USN_2025_326,COMP_013,Placed,7.00,SQL,1
PLACE_02374,2021,USN_2025_075,COMP_007,Placed,26.00,PYTHON,1
PLACE_02375,2025,USN_2025_210,COMP_010,Placed,18.00,DATABRICKS_DE,1
PLACE_02376,2021,USN_2025_103,COMP_001,Placed,48.00,PYTHON,1
PLACE_02377,2022,USN_2025_474,COMP_005,Placed,32.00,SQL,1
PLACE_02378,2025,USN_2025_494,COMP_013,Placed,7.00,PYSPARK,1
PLACE_02379,2023,USN_2025_480,COMP_007,Placed,26.00,COMPUTER_VISION,1
PLACE_02380,2025,USN_2025_181,COMP_012,Placed,8.50,AWS_CLOUD,1
PLACE_02381,2024,USN_2025_186,COMP_002,Placed,45.00,LANGCHAIN,1
PLACE_02382,2021,USN_2025_031,COMP_003,Placed,42.00,GENAI_LLMS,1
PLACE_02383,2021,USN_2025_382,COMP_010,Placed,18.00,CPP,1
PLACE_02384,2023,USN_2025_207,COMP_003,Placed,42.00,SQL,1
PLACE_02385,2021,USN_2025_195,COMP_012,Placed,8.50,LANGCHAIN,1
PLACE_02386,2021,USN_2025_036,COMP_007,Placed,26.00,REACT,1
PLACE_02387,2023,USN_2025_456,COMP_012,Placed,8.50,MACHINE_LEARNING,1
PLACE_02388,2025,USN_2025_060,COMP_010,Placed,18.00,PYTHON,1
PLACE_02389,2022,USN_2025_319,COMP_005,Placed,32.00,SQL,1
PLACE_02390,2025,USN_2025_294,COMP_012,Placed,8.50,CPP,1
PLACE_02391,2024,USN_2025_428,COMP_012,Placed,8.50,COMPUTER_VISION,1
PLACE_02392,2024,USN_2025_474,COMP_007,Placed,26.00,GENAI_LLMS,1
PLACE_02393,2021,USN_2025_407,COMP_005,Placed,32.00,JAVA_BACKEND,1
PLACE_02394,2024,USN_2025_182,COMP_004,Placed,38.00,REACT,1
PLACE_02395,2022,USN_2025_412,COMP_010,Placed,18.00,PYTHON,1
PLACE_02396,2021,USN_2025_491,COMP_001,Placed,48.00,PYSPARK,1
PLACE_02397,2024,USN_2025_046,COMP_013,Placed,7.00,PYTHON,1
PLACE_02398,2020,USN_2025_432,COMP_013,Placed,7.00,SQL,1
PLACE_02399,2020,USN_2025_453,COMP_012,Placed,8.50,MACHINE_LEARNING,1
PLACE_02400,2020,USN_2025_145,COMP_012,Placed,8.50,JAVA_BACKEND,1
